Fecha,Contenido,Título del video,Tiempo de publicación del video,Duración,Vistas interesadas
2025-12-01,ITbMrh0msyk,América Castillo analiza el debate presidencial en T13 Noche,"Dec 12, 2025",526,0
2025-12-02,ITbMrh0msyk,América Castillo analiza el debate presidencial en T13 Noche,"Dec 12, 2025",526,0
2025-12-03,ITbMrh0msyk,América Castillo analiza el debate presidencial en T13 Noche,"Dec 12, 2025",526,0
2025-12-04,ITbMrh0msyk,América Castillo analiza el debate presidencial en T13 Noche,"Dec 12, 2025",526,0
2025-12-05,ITbMrh0msyk,América Castillo analiza el debate presidencial en T13 Noche,"Dec 12, 2025",526,0
2025-12-06,ITbMrh0msyk,América Castillo analiza el debate presidencial en T13 Noche,"Dec 12, 2025",526,0
2025-12-07,ITbMrh0msyk,América Castillo analiza el debate presidencial en T13 Noche,"Dec 12, 2025",526,0
2025-12-08,ITbMrh0msyk,América Castillo analiza el debate presidencial en T13 Noche,"Dec 12, 2025",526,0
2025-12-09,ITbMrh0msyk,América Castillo analiza el debate presidencial en T13 Noche,"Dec 12, 2025",526,0
2025-12-10,ITbMrh0msyk,América Castillo analiza el debate presidencial en T13 Noche,"Dec 12, 2025",526,0
2025-12-11,ITbMrh0msyk,América Castillo analiza el debate presidencial en T13 Noche,"Dec 12, 2025",526,0
2025-12-12,ITbMrh0msyk,América Castillo analiza el debate presidencial en T13 Noche,"Dec 12, 2025",526,92
2025-12-13,ITbMrh0msyk,América Castillo analiza el debate presidencial en T13 Noche,"Dec 12, 2025",526,108
2025-12-14,ITbMrh0msyk,América Castillo analiza el debate presidencial en T13 Noche,"Dec 12, 2025",526,89
2025-12-15,ITbMrh0msyk,América Castillo analiza el debate presidencial en T13 Noche,"Dec 12, 2025",526,17
2025-12-16,ITbMrh0msyk,América Castillo analiza el debate presidencial en T13 Noche,"Dec 12, 2025",526,2
2025-12-17,ITbMrh0msyk,América Castillo analiza el debate presidencial en T13 Noche,"Dec 12, 2025",526,0
2025-12-18,ITbMrh0msyk,América Castillo analiza el debate presidencial en T13 Noche,"Dec 12, 2025",526,0
2025-12-19,ITbMrh0msyk,América Castillo analiza el debate presidencial en T13 Noche,"Dec 12, 2025",526,1
2025-12-20,ITbMrh0msyk,América Castillo analiza el debate presidencial en T13 Noche,"Dec 12, 2025",526,0
2025-12-21,ITbMrh0msyk,América Castillo analiza el debate presidencial en T13 Noche,"Dec 12, 2025",526,0
2025-12-22,ITbMrh0msyk,América Castillo analiza el debate presidencial en T13 Noche,"Dec 12, 2025",526,0
2025-12-23,ITbMrh0msyk,América Castillo analiza el debate presidencial en T13 Noche,"Dec 12, 2025",526,0
2025-12-24,ITbMrh0msyk,América Castillo analiza el debate presidencial en T13 Noche,"Dec 12, 2025",526,0
2025-12-25,ITbMrh0msyk,América Castillo analiza el debate presidencial en T13 Noche,"Dec 12, 2025",526,0
2025-12-26,ITbMrh0msyk,América Castillo analiza el debate presidencial en T13 Noche,"Dec 12, 2025",526,0
2025-12-27,ITbMrh0msyk,América Castillo analiza el debate presidencial en T13 Noche,"Dec 12, 2025",526,1
2025-12-28,ITbMrh0msyk,América Castillo analiza el debate presidencial en T13 Noche,"Dec 12, 2025",526,1
2025-12-29,ITbMrh0msyk,América Castillo analiza el debate presidencial en T13 Noche,"Dec 12, 2025",526,0
2025-12-30,ITbMrh0msyk,América Castillo analiza el debate presidencial en T13 Noche,"Dec 12, 2025",526,0
2025-12-31,ITbMrh0msyk,América Castillo analiza el debate presidencial en T13 Noche,"Dec 12, 2025",526,0
2025-12-01,L2YVVmtdfkU,Cuentas Claras #1 | ¿Por qué a Chile no le alcanzan sus ingresos?,"Dec 11, 2025",32,0
2025-12-02,L2YVVmtdfkU,Cuentas Claras #1 | ¿Por qué a Chile no le alcanzan sus ingresos?,"Dec 11, 2025",32,0
2025-12-03,L2YVVmtdfkU,Cuentas Claras #1 | ¿Por qué a Chile no le alcanzan sus ingresos?,"Dec 11, 2025",32,0
2025-12-04,L2YVVmtdfkU,Cuentas Claras #1 | ¿Por qué a Chile no le alcanzan sus ingresos?,"Dec 11, 2025",32,0
2025-12-05,L2YVVmtdfkU,Cuentas Claras #1 | ¿Por qué a Chile no le alcanzan sus ingresos?,"Dec 11, 2025",32,0
2025-12-06,L2YVVmtdfkU,Cuentas Claras #1 | ¿Por qué a Chile no le alcanzan sus ingresos?,"Dec 11, 2025",32,0
2025-12-07,L2YVVmtdfkU,Cuentas Claras #1 | ¿Por qué a Chile no le alcanzan sus ingresos?,"Dec 11, 2025",32,0
2025-12-08,L2YVVmtdfkU,Cuentas Claras #1 | ¿Por qué a Chile no le alcanzan sus ingresos?,"Dec 11, 2025",32,0
2025-12-09,L2YVVmtdfkU,Cuentas Claras #1 | ¿Por qué a Chile no le alcanzan sus ingresos?,"Dec 11, 2025",32,0
2025-12-10,L2YVVmtdfkU,Cuentas Claras #1 | ¿Por qué a Chile no le alcanzan sus ingresos?,"Dec 11, 2025",32,0
2025-12-11,L2YVVmtdfkU,Cuentas Claras #1 | ¿Por qué a Chile no le alcanzan sus ingresos?,"Dec 11, 2025",32,512
2025-12-12,L2YVVmtdfkU,Cuentas Claras #1 | ¿Por qué a Chile no le alcanzan sus ingresos?,"Dec 11, 2025",32,5
2025-12-13,L2YVVmtdfkU,Cuentas Claras #1 | ¿Por qué a Chile no le alcanzan sus ingresos?,"Dec 11, 2025",32,7
2025-12-14,L2YVVmtdfkU,Cuentas Claras #1 | ¿Por qué a Chile no le alcanzan sus ingresos?,"Dec 11, 2025",32,2
2025-12-15,L2YVVmtdfkU,Cuentas Claras #1 | ¿Por qué a Chile no le alcanzan sus ingresos?,"Dec 11, 2025",32,0
2025-12-16,L2YVVmtdfkU,Cuentas Claras #1 | ¿Por qué a Chile no le alcanzan sus ingresos?,"Dec 11, 2025",32,0
2025-12-17,L2YVVmtdfkU,Cuentas Claras #1 | ¿Por qué a Chile no le alcanzan sus ingresos?,"Dec 11, 2025",32,0
2025-12-18,L2YVVmtdfkU,Cuentas Claras #1 | ¿Por qué a Chile no le alcanzan sus ingresos?,"Dec 11, 2025",32,1
2025-12-19,L2YVVmtdfkU,Cuentas Claras #1 | ¿Por qué a Chile no le alcanzan sus ingresos?,"Dec 11, 2025",32,0
2025-12-20,L2YVVmtdfkU,Cuentas Claras #1 | ¿Por qué a Chile no le alcanzan sus ingresos?,"Dec 11, 2025",32,0
2025-12-21,L2YVVmtdfkU,Cuentas Claras #1 | ¿Por qué a Chile no le alcanzan sus ingresos?,"Dec 11, 2025",32,0
2025-12-22,L2YVVmtdfkU,Cuentas Claras #1 | ¿Por qué a Chile no le alcanzan sus ingresos?,"Dec 11, 2025",32,0
2025-12-23,L2YVVmtdfkU,Cuentas Claras #1 | ¿Por qué a Chile no le alcanzan sus ingresos?,"Dec 11, 2025",32,0
2025-12-24,L2YVVmtdfkU,Cuentas Claras #1 | ¿Por qué a Chile no le alcanzan sus ingresos?,"Dec 11, 2025",32,0
2025-12-25,L2YVVmtdfkU,Cuentas Claras #1 | ¿Por qué a Chile no le alcanzan sus ingresos?,"Dec 11, 2025",32,1
2025-12-26,L2YVVmtdfkU,Cuentas Claras #1 | ¿Por qué a Chile no le alcanzan sus ingresos?,"Dec 11, 2025",32,0
2025-12-27,L2YVVmtdfkU,Cuentas Claras #1 | ¿Por qué a Chile no le alcanzan sus ingresos?,"Dec 11, 2025",32,0
2025-12-28,L2YVVmtdfkU,Cuentas Claras #1 | ¿Por qué a Chile no le alcanzan sus ingresos?,"Dec 11, 2025",32,0
2025-12-29,L2YVVmtdfkU,Cuentas Claras #1 | ¿Por qué a Chile no le alcanzan sus ingresos?,"Dec 11, 2025",32,0
2025-12-30,L2YVVmtdfkU,Cuentas Claras #1 | ¿Por qué a Chile no le alcanzan sus ingresos?,"Dec 11, 2025",32,0
2025-12-31,L2YVVmtdfkU,Cuentas Claras #1 | ¿Por qué a Chile no le alcanzan sus ingresos?,"Dec 11, 2025",32,0
2025-12-01,NCip9sBZ2yk,Santiago Acosta analiza en T13 Finde la tensión entre Venezuela y EE.UU.,"Dec 11, 2025",591,0
2025-12-02,NCip9sBZ2yk,Santiago Acosta analiza en T13 Finde la tensión entre Venezuela y EE.UU.,"Dec 11, 2025",591,0
2025-12-03,NCip9sBZ2yk,Santiago Acosta analiza en T13 Finde la tensión entre Venezuela y EE.UU.,"Dec 11, 2025",591,0
2025-12-04,NCip9sBZ2yk,Santiago Acosta analiza en T13 Finde la tensión entre Venezuela y EE.UU.,"Dec 11, 2025",591,0
2025-12-05,NCip9sBZ2yk,Santiago Acosta analiza en T13 Finde la tensión entre Venezuela y EE.UU.,"Dec 11, 2025",591,0
2025-12-06,NCip9sBZ2yk,Santiago Acosta analiza en T13 Finde la tensión entre Venezuela y EE.UU.,"Dec 11, 2025",591,0
2025-12-07,NCip9sBZ2yk,Santiago Acosta analiza en T13 Finde la tensión entre Venezuela y EE.UU.,"Dec 11, 2025",591,0
2025-12-08,NCip9sBZ2yk,Santiago Acosta analiza en T13 Finde la tensión entre Venezuela y EE.UU.,"Dec 11, 2025",591,0
2025-12-09,NCip9sBZ2yk,Santiago Acosta analiza en T13 Finde la tensión entre Venezuela y EE.UU.,"Dec 11, 2025",591,0
2025-12-10,NCip9sBZ2yk,Santiago Acosta analiza en T13 Finde la tensión entre Venezuela y EE.UU.,"Dec 11, 2025",591,0
2025-12-11,NCip9sBZ2yk,Santiago Acosta analiza en T13 Finde la tensión entre Venezuela y EE.UU.,"Dec 11, 2025",591,338
2025-12-12,NCip9sBZ2yk,Santiago Acosta analiza en T13 Finde la tensión entre Venezuela y EE.UU.,"Dec 11, 2025",591,55
2025-12-13,NCip9sBZ2yk,Santiago Acosta analiza en T13 Finde la tensión entre Venezuela y EE.UU.,"Dec 11, 2025",591,11
2025-12-14,NCip9sBZ2yk,Santiago Acosta analiza en T13 Finde la tensión entre Venezuela y EE.UU.,"Dec 11, 2025",591,3
2025-12-15,NCip9sBZ2yk,Santiago Acosta analiza en T13 Finde la tensión entre Venezuela y EE.UU.,"Dec 11, 2025",591,5
2025-12-16,NCip9sBZ2yk,Santiago Acosta analiza en T13 Finde la tensión entre Venezuela y EE.UU.,"Dec 11, 2025",591,2
2025-12-17,NCip9sBZ2yk,Santiago Acosta analiza en T13 Finde la tensión entre Venezuela y EE.UU.,"Dec 11, 2025",591,2
2025-12-18,NCip9sBZ2yk,Santiago Acosta analiza en T13 Finde la tensión entre Venezuela y EE.UU.,"Dec 11, 2025",591,0
2025-12-19,NCip9sBZ2yk,Santiago Acosta analiza en T13 Finde la tensión entre Venezuela y EE.UU.,"Dec 11, 2025",591,0
2025-12-20,NCip9sBZ2yk,Santiago Acosta analiza en T13 Finde la tensión entre Venezuela y EE.UU.,"Dec 11, 2025",591,0
2025-12-21,NCip9sBZ2yk,Santiago Acosta analiza en T13 Finde la tensión entre Venezuela y EE.UU.,"Dec 11, 2025",591,0
2025-12-22,NCip9sBZ2yk,Santiago Acosta analiza en T13 Finde la tensión entre Venezuela y EE.UU.,"Dec 11, 2025",591,0
2025-12-23,NCip9sBZ2yk,Santiago Acosta analiza en T13 Finde la tensión entre Venezuela y EE.UU.,"Dec 11, 2025",591,0
2025-12-24,NCip9sBZ2yk,Santiago Acosta analiza en T13 Finde la tensión entre Venezuela y EE.UU.,"Dec 11, 2025",591,0
2025-12-25,NCip9sBZ2yk,Santiago Acosta analiza en T13 Finde la tensión entre Venezuela y EE.UU.,"Dec 11, 2025",591,0
2025-12-26,NCip9sBZ2yk,Santiago Acosta analiza en T13 Finde la tensión entre Venezuela y EE.UU.,"Dec 11, 2025",591,0
2025-12-27,NCip9sBZ2yk,Santiago Acosta analiza en T13 Finde la tensión entre Venezuela y EE.UU.,"Dec 11, 2025",591,0
2025-12-28,NCip9sBZ2yk,Santiago Acosta analiza en T13 Finde la tensión entre Venezuela y EE.UU.,"Dec 11, 2025",591,0
2025-12-29,NCip9sBZ2yk,Santiago Acosta analiza en T13 Finde la tensión entre Venezuela y EE.UU.,"Dec 11, 2025",591,0
2025-12-30,NCip9sBZ2yk,Santiago Acosta analiza en T13 Finde la tensión entre Venezuela y EE.UU.,"Dec 11, 2025",591,0
2025-12-31,NCip9sBZ2yk,Santiago Acosta analiza en T13 Finde la tensión entre Venezuela y EE.UU.,"Dec 11, 2025",591,0
2025-12-01,UJ-W-67sA38,"Emilia García en CNN Chile Radio: elecciones, oficialismo y el nuevo escenario político","Dec 26, 2025",1629,0
2025-12-02,UJ-W-67sA38,"Emilia García en CNN Chile Radio: elecciones, oficialismo y el nuevo escenario político","Dec 26, 2025",1629,0
2025-12-03,UJ-W-67sA38,"Emilia García en CNN Chile Radio: elecciones, oficialismo y el nuevo escenario político","Dec 26, 2025",1629,0
2025-12-04,UJ-W-67sA38,"Emilia García en CNN Chile Radio: elecciones, oficialismo y el nuevo escenario político","Dec 26, 2025",1629,0
2025-12-05,UJ-W-67sA38,"Emilia García en CNN Chile Radio: elecciones, oficialismo y el nuevo escenario político","Dec 26, 2025",1629,0
2025-12-06,UJ-W-67sA38,"Emilia García en CNN Chile Radio: elecciones, oficialismo y el nuevo escenario político","Dec 26, 2025",1629,0
2025-12-07,UJ-W-67sA38,"Emilia García en CNN Chile Radio: elecciones, oficialismo y el nuevo escenario político","Dec 26, 2025",1629,0
2025-12-08,UJ-W-67sA38,"Emilia García en CNN Chile Radio: elecciones, oficialismo y el nuevo escenario político","Dec 26, 2025",1629,0
2025-12-09,UJ-W-67sA38,"Emilia García en CNN Chile Radio: elecciones, oficialismo y el nuevo escenario político","Dec 26, 2025",1629,0
2025-12-10,UJ-W-67sA38,"Emilia García en CNN Chile Radio: elecciones, oficialismo y el nuevo escenario político","Dec 26, 2025",1629,0
2025-12-11,UJ-W-67sA38,"Emilia García en CNN Chile Radio: elecciones, oficialismo y el nuevo escenario político","Dec 26, 2025",1629,0
2025-12-12,UJ-W-67sA38,"Emilia García en CNN Chile Radio: elecciones, oficialismo y el nuevo escenario político","Dec 26, 2025",1629,0
2025-12-13,UJ-W-67sA38,"Emilia García en CNN Chile Radio: elecciones, oficialismo y el nuevo escenario político","Dec 26, 2025",1629,0
2025-12-14,UJ-W-67sA38,"Emilia García en CNN Chile Radio: elecciones, oficialismo y el nuevo escenario político","Dec 26, 2025",1629,0
2025-12-15,UJ-W-67sA38,"Emilia García en CNN Chile Radio: elecciones, oficialismo y el nuevo escenario político","Dec 26, 2025",1629,0
2025-12-16,UJ-W-67sA38,"Emilia García en CNN Chile Radio: elecciones, oficialismo y el nuevo escenario político","Dec 26, 2025",1629,0
2025-12-17,UJ-W-67sA38,"Emilia García en CNN Chile Radio: elecciones, oficialismo y el nuevo escenario político","Dec 26, 2025",1629,0
2025-12-18,UJ-W-67sA38,"Emilia García en CNN Chile Radio: elecciones, oficialismo y el nuevo escenario político","Dec 26, 2025",1629,0
2025-12-19,UJ-W-67sA38,"Emilia García en CNN Chile Radio: elecciones, oficialismo y el nuevo escenario político","Dec 26, 2025",1629,0
2025-12-20,UJ-W-67sA38,"Emilia García en CNN Chile Radio: elecciones, oficialismo y el nuevo escenario político","Dec 26, 2025",1629,0
2025-12-21,UJ-W-67sA38,"Emilia García en CNN Chile Radio: elecciones, oficialismo y el nuevo escenario político","Dec 26, 2025",1629,0
2025-12-22,UJ-W-67sA38,"Emilia García en CNN Chile Radio: elecciones, oficialismo y el nuevo escenario político","Dec 26, 2025",1629,0
2025-12-23,UJ-W-67sA38,"Emilia García en CNN Chile Radio: elecciones, oficialismo y el nuevo escenario político","Dec 26, 2025",1629,0
2025-12-24,UJ-W-67sA38,"Emilia García en CNN Chile Radio: elecciones, oficialismo y el nuevo escenario político","Dec 26, 2025",1629,0
2025-12-25,UJ-W-67sA38,"Emilia García en CNN Chile Radio: elecciones, oficialismo y el nuevo escenario político","Dec 26, 2025",1629,0
2025-12-26,UJ-W-67sA38,"Emilia García en CNN Chile Radio: elecciones, oficialismo y el nuevo escenario político","Dec 26, 2025",1629,216
2025-12-27,UJ-W-67sA38,"Emilia García en CNN Chile Radio: elecciones, oficialismo y el nuevo escenario político","Dec 26, 2025",1629,137
2025-12-28,UJ-W-67sA38,"Emilia García en CNN Chile Radio: elecciones, oficialismo y el nuevo escenario político","Dec 26, 2025",1629,17
2025-12-29,UJ-W-67sA38,"Emilia García en CNN Chile Radio: elecciones, oficialismo y el nuevo escenario político","Dec 26, 2025",1629,8
2025-12-30,UJ-W-67sA38,"Emilia García en CNN Chile Radio: elecciones, oficialismo y el nuevo escenario político","Dec 26, 2025",1629,1
2025-12-31,UJ-W-67sA38,"Emilia García en CNN Chile Radio: elecciones, oficialismo y el nuevo escenario político","Dec 26, 2025",1629,4
2025-12-01,beN_-m96AyY,América Castillo analiza la agenda internacional de Kast y el debate por los “amarres” | T13 Noche,"Dec 26, 2025",597,0
2025-12-02,beN_-m96AyY,América Castillo analiza la agenda internacional de Kast y el debate por los “amarres” | T13 Noche,"Dec 26, 2025",597,0
2025-12-03,beN_-m96AyY,América Castillo analiza la agenda internacional de Kast y el debate por los “amarres” | T13 Noche,"Dec 26, 2025",597,0
2025-12-04,beN_-m96AyY,América Castillo analiza la agenda internacional de Kast y el debate por los “amarres” | T13 Noche,"Dec 26, 2025",597,0
2025-12-05,beN_-m96AyY,América Castillo analiza la agenda internacional de Kast y el debate por los “amarres” | T13 Noche,"Dec 26, 2025",597,0
2025-12-06,beN_-m96AyY,América Castillo analiza la agenda internacional de Kast y el debate por los “amarres” | T13 Noche,"Dec 26, 2025",597,0
2025-12-07,beN_-m96AyY,América Castillo analiza la agenda internacional de Kast y el debate por los “amarres” | T13 Noche,"Dec 26, 2025",597,0
2025-12-08,beN_-m96AyY,América Castillo analiza la agenda internacional de Kast y el debate por los “amarres” | T13 Noche,"Dec 26, 2025",597,0
2025-12-09,beN_-m96AyY,América Castillo analiza la agenda internacional de Kast y el debate por los “amarres” | T13 Noche,"Dec 26, 2025",597,0
2025-12-10,beN_-m96AyY,América Castillo analiza la agenda internacional de Kast y el debate por los “amarres” | T13 Noche,"Dec 26, 2025",597,0
2025-12-11,beN_-m96AyY,América Castillo analiza la agenda internacional de Kast y el debate por los “amarres” | T13 Noche,"Dec 26, 2025",597,0
2025-12-12,beN_-m96AyY,América Castillo analiza la agenda internacional de Kast y el debate por los “amarres” | T13 Noche,"Dec 26, 2025",597,0
2025-12-13,beN_-m96AyY,América Castillo analiza la agenda internacional de Kast y el debate por los “amarres” | T13 Noche,"Dec 26, 2025",597,0
2025-12-14,beN_-m96AyY,América Castillo analiza la agenda internacional de Kast y el debate por los “amarres” | T13 Noche,"Dec 26, 2025",597,0
2025-12-15,beN_-m96AyY,América Castillo analiza la agenda internacional de Kast y el debate por los “amarres” | T13 Noche,"Dec 26, 2025",597,0
2025-12-16,beN_-m96AyY,América Castillo analiza la agenda internacional de Kast y el debate por los “amarres” | T13 Noche,"Dec 26, 2025",597,0
2025-12-17,beN_-m96AyY,América Castillo analiza la agenda internacional de Kast y el debate por los “amarres” | T13 Noche,"Dec 26, 2025",597,0
2025-12-18,beN_-m96AyY,América Castillo analiza la agenda internacional de Kast y el debate por los “amarres” | T13 Noche,"Dec 26, 2025",597,0
2025-12-19,beN_-m96AyY,América Castillo analiza la agenda internacional de Kast y el debate por los “amarres” | T13 Noche,"Dec 26, 2025",597,0
2025-12-20,beN_-m96AyY,América Castillo analiza la agenda internacional de Kast y el debate por los “amarres” | T13 Noche,"Dec 26, 2025",597,0
2025-12-21,beN_-m96AyY,América Castillo analiza la agenda internacional de Kast y el debate por los “amarres” | T13 Noche,"Dec 26, 2025",597,0
2025-12-22,beN_-m96AyY,América Castillo analiza la agenda internacional de Kast y el debate por los “amarres” | T13 Noche,"Dec 26, 2025",597,0
2025-12-23,beN_-m96AyY,América Castillo analiza la agenda internacional de Kast y el debate por los “amarres” | T13 Noche,"Dec 26, 2025",597,0
2025-12-24,beN_-m96AyY,América Castillo analiza la agenda internacional de Kast y el debate por los “amarres” | T13 Noche,"Dec 26, 2025",597,0
2025-12-25,beN_-m96AyY,América Castillo analiza la agenda internacional de Kast y el debate por los “amarres” | T13 Noche,"Dec 26, 2025",597,0
2025-12-26,beN_-m96AyY,América Castillo analiza la agenda internacional de Kast y el debate por los “amarres” | T13 Noche,"Dec 26, 2025",597,529
2025-12-27,beN_-m96AyY,América Castillo analiza la agenda internacional de Kast y el debate por los “amarres” | T13 Noche,"Dec 26, 2025",597,170
2025-12-28,beN_-m96AyY,América Castillo analiza la agenda internacional de Kast y el debate por los “amarres” | T13 Noche,"Dec 26, 2025",597,147
2025-12-29,beN_-m96AyY,América Castillo analiza la agenda internacional de Kast y el debate por los “amarres” | T13 Noche,"Dec 26, 2025",597,27
2025-12-30,beN_-m96AyY,América Castillo analiza la agenda internacional de Kast y el debate por los “amarres” | T13 Noche,"Dec 26, 2025",597,6
2025-12-31,beN_-m96AyY,América Castillo analiza la agenda internacional de Kast y el debate por los “amarres” | T13 Noche,"Dec 26, 2025",597,3
