Contenido,T√≠tulo del video,Tiempo de publicaci√≥n del video,Duraci√≥n,Vistas interesadas,Porcentaje promedio reproducido (%),Se quedaron para mirar (%),Usuarios √∫nicos,Vistas promedio por usuario,Usuarios nuevos,Usuarios recurrentes,Usuarios ocasionales,Usuarios habituales,Suscriptores obtenidos,Suscriptores perdidos,No me gusta,Me gusta (vs. No me gusta) (%),Me gusta,Elementos compartidos,Comentarios agregados,Vistas,Tiempo de reproducci√≥n (horas),Suscriptores,Duraci√≥n promedio de vistas,Impresiones,Tasa de clics de las impresiones (%)
Total,,,,5948,19.13,53.07,4984,1.1934,4478,503,473,30,32,6,9,90.53,86,28,25,6702,345.2449,26,0:03:28,119704,2.94
beN_-m96AyY,Am√©rica Castillo analiza la agenda internacional de Kast y el debate por los ‚Äúamarres‚Äù | T13 Noche,"Dec 26, 2025",597,882,31.49,,793,1.1122,680,113,110,3,2,0,1,75,3,0,7,882,46.052,2,0:03:07,20108,3.71
L2YVVmtdfkU,Cuentas Claras #1¬†| ¬øPor qu√© a Chile no le alcanzan sus ingresos?,"Dec 11, 2025",32,528,62.74,54.95,519,1.0173,485,34,32,2,0,0,2,92.31,24,0,1,1010,3.1978,0,0:00:20,608,2.14
NCip9sBZ2yk,Santiago Acosta analiza en T13 Finde la tensi√≥n entre Venezuela y EE.UU.,"Dec 11, 2025",591,416,36.89,,401,1.0374,395,6,4,2,4,0,0,100,5,0,4,416,25.192,4,0:03:38,8801,3.37
UJ-W-67sA38,"Emilia Garc√≠a en CNN Chile Radio: elecciones, oficialismo y el nuevo escenario pol√≠tico","Dec 26, 2025",1629,383,22,,349,1.0974,268,81,77,4,0,0,1,50,1,1,2,383,38.1332,0,0:05:58,8384,3.59
ITbMrh0msyk,Am√©rica Castillo analiza el debate presidencial en T13 Noche,"Dec 12, 2025",526,311,26.91,,290,1.0724,242,48,44,4,1,0,1,83.33,5,0,5,311,12.2267,1,0:02:21,8039,3.36
_8QOlcymgMY,Am√©rica Castillo en @T13_cl conversa sobre la decisi√≥n de la DC de suspender la militancia de Frei,"Dec 4, 2025",556,306,25.62,,268,1.1418,229,39,35,4,0,0,0,100,2,0,4,306,12.1079,0,0:02:22,4310,5.99
dtpVo0KTYo4,Cristi√°n Stewart analiza el debate presidencial en Radio ADN,"Dec 11, 2025",2527,259,21.38,,242,1.0702,204,38,35,3,0,0,2,50,2,0,1,259,38.8715,0,0:09:00,8366,2.62
RKf32UqG8eI,Emilia Garc√≠a analiza el debate presidencial en T13 Radio,"Dec 11, 2025",2226,230,14.23,,212,1.0849,161,51,49,2,0,0,0,100,1,0,0,230,20.2377,0,0:05:16,6454,2.88
0YJOUSZr3Fg,Cuentas Claras #2 | ¬øEn qu√© gasta Chile sus recursos? Con Felipe Larra√≠n,"Dec 4, 2025",1875,229,18.11,,199,1.1508,160,39,30,9,10,2,0,100,11,4,0,229,21.5951,8,0:05:39,2757,2.5
SV0z3QrP1JQ,"Emilia Garc√≠a en Mesa Central @T13_cl Radio, conversa sobre la contingencia nacional","Dec 10, 2025",1939,178,14.48,,171,1.0409,132,39,36,3,0,0,0,100,2,0,0,178,13.8832,0,0:04:40,6952,2.22
0AmuX49xq6A,Am√©rica Castillo analiza el √∫ltimo debate presidencial en T13 Noche,"Dec 17, 2025",641,167,12,,158,1.057,147,11,9,2,0,0,1,50,1,0,0,167,3.5686,0,0:01:16,3771,4.11
 -YNtEaEsGC0,Am√©rica Castillo analiza el escenario presidencial en CNN Chile Radio,"Dec 17, 2025",1540,148,20.47,,130,1.1385,91,39,34,5,1,0,0,100,1,0,0,148,12.9622,1,0:05:15,4259,2.3
LQtkRvB7-wI,Migraci√≥n en la frontera con Per√∫: Santiago Acosta en Radio Agricultura,"Dec 11, 2025",555,146,24.72,,139,1.0504,122,17,15,2,0,0,0,,0,0,0,146,5.5637,0,0:02:17,4341,2.65
pCzllIe7U-g,"Radio Agricultura - Al PizarroÃÅn Mar√≠a Jes√∫s Wulf, Luis Silva y Javiera Corval√°n","Apr 9, 2025",3110,128,8.22,,122,1.0492,113,8,6,2,1,0,0,100,2,1,0,128,9.084,1,0:04:15,107,8.41
nG-MCyxDpmk,Emilia Garc√≠a en ‚ÄúVoces del Poder‚Äù: claves del escenario pol√≠tico actual,"Dec 12, 2025",1481,103,28.38,,94,1.0957,68,26,23,3,0,0,0,,0,0,0,103,12.0251,0,0:07:00,1938,2.94
W6FsC-6161k,Cuentas Claras #2 | ¬øEn qu√© gasta Chile sus recursos? Con Felipe Larra√≠n,"Dec 11, 2025",52,83,48.22,53.55,83,1,78,5,5,0,0,0,0,,0,0,0,159,0.6098,0,0:00:25,22,0
VqqopLb0Duk,Cristi√°n Stewart en T13 Radio: Analiza reuni√≥n Frei‚ÄìKast y la arista bielorrusa del Congreso,"Dec 12, 2025",1268,73,33.11,,71,1.0282,52,19,18,1,0,0,0,,0,0,0,73,8.5127,0,0:06:59,2246,1.65
q7R0jLAfVoQ,[üéôHoja en Blanco] Christopher Martinez y ¬øC√≥mo nos gobernamos?,"Jul 15, 2021",1683,73,1.83,,72,1.0139,71,1,1,0,0,0,0,,0,0,0,73,0.6253,0,0:00:30,988,0.61
CEg2jKFYaIQ,Cuentas Claras #2 | ¬øEn qu√© gasta sus recursos el pa√≠s?,"Dec 12, 2025",37,71,46.77,31.25,66,1.0758,42,24,19,5,1,0,0,100,4,0,0,218,0.411,1,0:00:17,192,4.69
r0mzeYdxcjg,¬øCambio de sexo en ni√±os? Algunos datos sobre lo que est√° pasando en Chile,"Jan 7, 2025",807,69,18.68,,67,1.0299,65,2,1,1,0,0,0,100,1,1,0,69,2.8901,0,0:02:30,47,4.26
jNu0_QQIdtM,"[üéôHoja en Blanco] Josefina Araos y Javiera Parada, y la importancia de ponernos de acuerdo","May 11, 2021",2254,65,0.98,,64,1.0156,62,1,1,0,0,0,0,,0,0,0,65,0.4007,0,0:00:22,967,0.31
j68wplG-h4s,Cristi√°n Stewart en Emol TV se refiere al programa Futuro P√∫blico,"Dec 22, 2025",1113,56,30.96,,46,1.2174,37,9,4,5,0,0,0,100,1,0,0,56,5.3603,0,0:05:44,1002,2.4
7_T-vtmrxmA,Cuentas Claras #2 | ¬øEn qu√© gasta sus recursos el pa√≠s?,"Dec 12, 2025",257,53,34.66,,37,1.4324,19,18,11,7,1,0,0,100,2,2,0,53,1.3112,1,0:01:29,363,4.13
eS5wwQ4f-4k,Kevin Canales en Canal 9 @BioBioChile analiza el efecto del voto obligatorio,"Dec 18, 2025",117,39,22.73,,36,1.0833,24,12,6,6,0,0,0,100,1,0,0,39,0.2881,0,0:00:26,1878,1.44
05APIPrW7Ps,Kevin Canales analiza el escenario presidencial en Radio Metropolitan,"Dec 17, 2025",1187,38,28.5,,34,1.1176,26,8,5,3,1,1,0,100,1,0,0,38,3.5706,0,0:05:38,2642,0.76
961DAxFU1Bc,Cuentas Claras #1 | ¬øDe d√≥nde vienen los ingresos del Estado? Con Mat√≠as Acevedo,"Nov 20, 2025",1989,38,12.69,,28,1.3571,9,19,13,6,1,0,0,,0,5,0,38,2.6652,1,0:04:12,221,10.86
kJqwLDxMIX4,[üéôHoja en Blanco] Soledad Bertelsen y Catalina Salem y la disputa por el control constitucional,"Apr 19, 2021",1755,36,10.16,,35,1.0286,34,1,1,0,0,0,0,,0,0,0,36,1.7838,0,0:02:58,614,0
OQKl-WGazbw,Kevin Canales en @soyelconquistador se refiere a los resultados de las elecciones presidenciales,"Dec 22, 2025",944,35,14.86,,34,1.0294,27,7,4,3,0,0,0,,0,0,0,35,1.3636,0,0:02:20,3534,0.48
b7fWRJkvmu0,Radiograf√≠a de la Familia en Chile,"Jun 20, 2012",86,31,68.36,,24,1.2917,19,5,5,0,0,0,0,,0,3,0,31,0.5062,0,0:00:58,14,0
9Snlvbj-8mo,"ABC del Comunismo #4 | El comunismo hoy en Chile, con Alejandro San Francisco","Nov 14, 2025",2027,30,19,,28,1.0714,26,2,2,0,0,0,0,,0,0,0,30,3.2088,0,0:06:25,420,4.05
2iQKs2IsvY4,"ABC del Comunismo #1 | De Lenin y Marx al PC Chileno, con Max Colodro","Oct 30, 2025",1910,28,14.24,,20,1.4,12,8,8,0,0,0,0,,0,2,0,28,2.1154,0,0:04:31,481,3.95
Hl_Yzt7srck,Javiera Corval√°n en Radio Agricultura sobre el Programa de Acompa√±amiento a la Identidad de G√©nero,"Nov 28, 2025",1055,26,3.98,,22,1.1818,13,9,4,5,0,0,0,100,1,0,0,26,0.3032,0,0:00:41,491,2.24
w_Z74l4AwZw,"ABC del Comunismo #2 | El sombr√≠o siglo XX y el comunismo en el poder, con Juan Ignacio Brito","Nov 6, 2025",2162,25,12.7,,21,1.1905,11,10,7,3,0,0,0,,0,0,0,25,1.9068,0,0:04:34,324,1.23
_TGa1BGEV44,Cuentas Claras #1 | ¬øPor qu√© a Chile no le alcanzan sus ingresos?,"Nov 21, 2025",346,23,41.88,,18,1.2778,7,11,8,3,1,0,0,100,2,1,0,23,0.9257,1,0:02:24,210,4.76
lQi7SsZlshc,¬øPor qu√© Dios vuelve al centro del debate p√∫blico? | Emilia Garc√≠a en Radio Pauta,"Dec 26, 2025",1140,23,11.43,,21,1.0952,17,4,2,2,0,0,0,100,1,1,0,23,0.8323,0,0:02:10,1314,1.6
f1_v5ddC8gA,Cuentas Claras #3 | ¬øQu√© tan grave es el d√©ficit de Chile?,"Dec 30, 2025",317,20,25.05,,16,1.25,11,5,3,2,0,0,0,100,2,0,0,20,0.4412,0,0:01:19,564,1.95
tpkAeDmDtuw,ABC del Comunismo #3 | ¬øQu√© factores conectan a Cuba y Venezuela? Con Sergio Mu√±oz Riveros,"Nov 12, 2025",2039,19,29.69,,18,1.0556,15,3,3,0,0,0,0,100,1,3,0,19,3.1954,0,0:10:05,232,0.43
kBjECAk9Ky0,"Radio Pauta - Emilia Garc√≠a, Directora de Estudios IdeaPa√≠s","Mar 21, 2025",1038,18,14.99,,16,1.125,6,10,9,1,0,0,0,,0,0,0,18,0.7781,0,0:02:35,149,8.05
Ey7sf3Ep9eU,Emilia GarciÃÅa en Voces del Poder @cnnchile,"Nov 11, 2025",1526,17,26.21,,16,1.0625,5,11,10,1,0,0,0,,0,0,0,17,1.8885,0,0:06:39,222,6.76
s--WFLayprY,[üéôHoja en Blanco] Diego Schalper y la pregunta por los derechos sociales,"Apr 12, 2021",1845,17,1.62,,17,1,15,2,2,0,0,0,0,,0,0,0,17,0.1414,0,0:00:29,277,0.36
sIubHbsHsZM,Cuentas Claras #3 | ¬øQu√© implica el d√©ficit fiscal de Chile? Con Cecilia Cifuentes,"Dec 30, 2025",1877,17,28.89,,16,1.0625,7,9,6,3,0,0,0,,0,0,0,17,2.5606,0,0:09:02,1634,0.49
wEoooXPTr9c,"La Escuela Pol√≠tica - Daniel Mansuy: Frei, Allende, Pinochet, ¬øqu√© tienen en com√∫n?","Aug 14, 2024",4927,17,19.48,,9,1.8889,4,5,5,0,0,0,0,100,2,1,1,17,4.532,0,0:15:59,140,4.29
qOPnaJSTjlQ,"Emilia Garc√≠a, Directora de Estudios en IdeaPa√≠s, en CNN Radio Voces del Poder Contingencia pol√≠tica","May 6, 2025",1137,16,18.16,,15,1.0667,14,1,1,0,0,0,0,,0,0,0,16,0.9176,0,0:03:26,8,0
0mUYn-u03nQ,"Javiera Rodr√≠guez conversa sobre las funas, el feminismo y las redes sociales.  #podcast","May 12, 2025",30,14,84.86,87.5,14,1,13,1,1,0,0,0,0,100,2,0,0,19,0.1001,0,0:00:25,321,2.8
AdsLn5KzRuY,"Emilia Garc√≠a, en Mesa de An√°lisis de T13 Noche","Jul 6, 2023",813,12,17.44,,11,1.0909,0,11,10,1,0,0,0,,0,0,0,12,0.4726,0,0:02:21,95,10.53
XOM5C2gWgVY,IdeaPa√≠s O‚ÄôHiggins en Sextavision,"Dec 12, 2025",175,12,20.05,,10,1.2,7,3,1,2,0,0,0,,0,0,0,12,0.117,0,0:00:35,701,1.43
J2RgUdcaQ9E,¬øCu√°l es el rol de la Contralor√≠a en nuestro pa√≠s? üîé,"Jun 25, 2025",90,11,60.22,83.33,10,1.1,10,0,0,0,0,0,0,100,1,1,0,18,0.1671,0,0:00:54,96,6.25
SwcbZVhk3Mo,"Emilia Garcia, directora de Estudios de IdeaPa√≠s, en Voces del Poder CNN Chile","May 7, 2025",1626,11,3.24,,10,1.1,7,3,3,0,0,0,0,,0,0,0,11,0.1608,0,0:00:52,17,0
U0Vk2fe1MEg,Emilia Garc√≠a en An√°lisis Pol√≠tico junto a Tom√°s Leighton @T13_cl Radio,"Aug 29, 2025",2104,11,13.28,,9,1.2222,6,3,2,1,0,0,0,100,1,0,0,11,0.8536,0,0:04:39,204,4.9
38UYxx4InBE,¬øQu√© le dir√≠as a los constituyentes electos?,"May 29, 2021",402,9,5.75,,6,1.5,5,1,1,0,0,0,0,,0,0,0,9,0.0578,0,0:00:23,5,0
VGXFZXKPtdQ,Soledad juvenil y desaf√≠os pol√≠ticos: Emilia Garc√≠a en Mesa Central,"Jul 29, 2025",2062,9,14.88,,9,1,6,3,3,0,0,0,0,,0,0,0,9,0.7667,0,0:05:06,49,8.16
psZ--BnJmuI,Emilia Garc√≠a analiza en vivo la primera vuelta presidencial/El L√≠bero,"Nov 17, 2025",1528,8,15.85,,8,1,2,6,4,2,0,0,0,,0,0,0,8,0.5383,0,0:04:02,84,5.95
7K4A3l1_hvA,Nuevo especial de IdeaPa√≠s: ‚ÄúABC del Comunismo‚Äù üéôÔ∏èüìÑ,"Oct 30, 2025",48,7,36.94,50,3,2.3333,0,3,2,1,0,0,0,,0,0,0,14,0.0386,0,0:00:17,136,0.74
9f6qAHtTQi8,‚Å†Ruggero Cozzi: Las lecciones del Rechazo y qu√© significa volver a hacerlo,"Sep 10, 2025",1603,7,1.49,,6,1.1667,3,3,2,1,0,0,0,,0,0,0,7,0.0466,0,0:00:23,61,1.64
Ccad3zOhGN0,[PROTAGONISTAS DEL DEBATE],"Jul 8, 2022",48,7,28.91,77.78,7,1,5,2,2,0,0,0,1,0,0,0,0,9,0.0273,0,0:00:13,118,3.39
WlrhUZkY0kw,Lanzamiento Revista Ra√≠ces N¬∞8: Ideas de la Libertad,"May 16, 2025",4866,7,1.22,,4,1.75,3,1,1,0,0,0,0,,0,0,0,7,0.1156,0,0:00:59,36,5.56
dBzJwLMxzsU,Cristi√°n Stewart en Money Talks: La derecha desde una nueva mirada,"May 6, 2025",2301,7,20.23,,7,1,3,4,4,0,0,0,0,,0,0,0,7,0.9052,0,0:07:45,157,3.18
rEVMMTjmw6M,Encuentro ‚ÄúUna derecha joven por Chile‚Äù,"May 12, 2025",31,7,100.12,87.5,3,2.3333,2,1,1,0,0,0,0,,0,0,0,12,0.0604,0,0:00:31,82,2.44
8J2T9Tbr_fg,Javiera Corval√°n en Radio Pauta: suspensi√≥n de PAIG,"May 16, 2025",684,6,64.43,,5,1.2,2,3,2,1,0,0,0,100,1,1,0,6,0.7346,0,0:07:20,44,9.09
C7SzE1raIuM,Am√©rica Castillo analiza tensiones en la DC y comando de Matthei en T13 Noche,"Aug 7, 2025",533,6,16.74,,6,1,2,4,2,2,0,0,0,,0,0,0,6,0.1487,0,0:01:29,12,16.67
D3l3pMjnorc,Mat√≠as Riveros en Radio Fiessta conversa sobre las elecciones presidenciales,"Nov 17, 2025",1259,6,0.69,,4,1.5,1,3,0,3,0,0,0,,0,0,0,6,0.0145,0,0:00:08,58,1.72
SwcMNOQIXk8,Seguridad y debate presidencial: la mirada de Emilia Garc√≠a en T13 Radio,"Sep 16, 2025",2359,6,1.72,,6,1,1,5,4,1,0,0,0,,0,0,0,6,0.0678,0,0:00:40,138,2.9
 -VfVrmpBqjI,Javiera Corval√°n sobre la maternidad subrogada y la postura abolicionista,"Aug 22, 2025",601,5,4.63,,4,1.25,1,3,2,1,0,0,0,,0,0,0,5,0.0387,0,0:00:27,16,12.5
4JyDiRSKjVU,[CATALINA SALEM IDEAPA√çS],"Sep 1, 2022",3559,5,18.87,,2,2.5,1,1,1,0,0,0,0,,0,0,0,5,0.9328,0,0:11:11,10,30
6ZbyFPpIKfA,Juan Pablo Lira en @cnnchile - analiza cu√°nto ha cumplido el gobierno del Presidente Boric,"Jun 3, 2025",618,5,56.23,,4,1.25,4,0,0,0,0,0,0,,0,0,0,5,0.4827,0,0:05:47,15,26.67
7KQHUcxo5og,[üéôHoja en Blanco] Daniel Mansuy y la ilusi√≥n constitucional,"Mar 26, 2021",1686,5,33.75,,5,1,2,3,3,0,0,0,0,,0,0,0,5,0.7904,0,0:09:29,19,0
7QBJkNuUXic,Cristi√°n Stewart en el lanzamiento de ‚ÄúPol√≠tica Migratoria para el Chile que viene‚Äù,"Aug 21, 2025",57,5,51.35,83.33,5,1,0,5,5,0,0,0,0,,0,0,0,7,0.0412,0,0:00:29,107,3.74
GrmOlYOcipI,Francisca Figueroa en T13 Noche: An√°lisis encuesta CEP y reglas de uso de la fuerza,"May 13, 2025",595,5,1.34,,2,2.5,2,0,0,0,0,0,0,,0,0,0,5,0.0111,0,0:00:07,34,11.76
NpCM9gbkAJM,Jose Manuel Cuadro conversa en Emol TV sobre la elecci√≥n del nuevo papa Le√≥n XIV.,"May 20, 2025",1091,5,11.25,,5,1,2,3,2,1,0,0,0,,0,0,0,5,0.1704,0,0:02:02,15,33.33
ROPkTu1kvJc,"[üéôHoja en Blanco] Sylvia Eyzaguirre ""Convenci√≥n y presidenciables""","Aug 10, 2021",1430,5,24.89,,4,1.25,1,3,3,0,0,0,0,,0,0,0,5,0.4943,0,0:05:55,11,0
XAi49OvyanA,¬øEst√° en crisis la seguridad en Chile? | Javiera Corval√°n en T13 Noche,"Jul 29, 2025",630,5,6.45,,5,1,2,3,2,1,0,0,0,,0,0,0,5,0.0564,0,0:00:40,23,21.74
ZipKfaGvwqI,[INDISPENSABLES] Cap√≠tulo 4: Equilibrio de poderes.,"Jul 14, 2022",241,5,24.85,,5,1,5,0,0,0,0,0,0,100,1,0,0,5,0.0832,0,0:00:59,58,8.62
aTBTykH3lBg,Susana Roccatagliata,"Oct 3, 2011",386,5,24.04,,5,1,5,0,0,0,0,0,0,,0,0,0,5,0.1289,0,0:01:32,44,2.27
qMwdQMF1bbo,Javiera Corval√°n en T13 Noche sobre la candidatura de Jeannette Jara  #ideapa√≠s #noticias,"Sep 3, 2025",47,5,61.27,62.5,5,1,2,3,2,1,0,0,0,,0,0,0,9,0.0411,0,0:00:28,137,2.19
1bht6OCqdgA,Am√©rica Castillo comenta la actualidad pol√≠tica en T13 Noche,"Oct 30, 2025",625,4,6.64,,3,1.3333,2,1,1,0,0,0,0,,0,0,0,4,0.0461,0,0:00:41,24,0
DyoLkrsxonY,[üéôHoja en Blanco] Juan Luis Ossa y el presidencialismo en disputa,"Apr 15, 2021",1830,4,14.72,,3,1.3333,1,2,2,0,0,0,0,,0,0,0,4,0.2993,0,0:04:29,6,16.67
K7n1CxcL9vI,"Sebasti√°n R√≠os, Gerente General Pucobre","Dec 7, 2011",34,4,76.13,,4,1,4,0,0,0,0,0,0,,0,0,0,4,0.0288,0,0:00:25,18,0
Kw-7qTEKXUw,Foro IP con √ìscar Landerretche,"Oct 16, 2019",4047,4,1.58,,4,1,2,2,2,0,0,0,0,,0,0,0,4,0.071,0,0:01:03,242,1.65
N6qrgNxg498,Lanzamiento ll¬∞ edici√≥n Gonzalo Vial Correa: Pol√≠tica y Crisis Social,"Jan 15, 2024",4693,4,7.89,,3,1.3333,3,0,0,0,0,0,0,,0,0,0,4,0.4112,0,0:06:10,73,4.11
T8AHnfyxb6Y,Emilia Garc√≠a en T13 Noche: Caso ProCultura,"May 16, 2025",557,4,16.01,,4,1,2,2,1,1,0,0,0,,0,0,0,4,0.0991,0,0:01:29,14,14.29
Y7LAkcgNdg4,Contingencia y elecciones: Emilia Garc√≠a en CNN Chile Radio,"Oct 27, 2025",1430,4,3.26,,4,1,4,0,0,0,0,0,0,,0,0,0,4,0.0518,0,0:00:46,60,3.33
hYEz2TCzmD0,Emilia Garc√≠a en ‚ÄúHablemos a las 12‚Äù de T13,"Apr 14, 2025",1578,4,14.95,,4,1,2,2,2,0,0,0,0,,0,0,0,4,0.2622,0,0:03:55,15,6.67
mdKb7kBIOJc,An√°lisis pol√≠tico con Emilia Garc√≠a en CNN Chile RadioSi,"Sep 4, 2025",1506,4,9.64,,4,1,3,1,1,0,0,0,0,,0,0,0,4,0.1613,0,0:02:25,10,0
mh69ND_mRzs,El podcast pol√≠tico de IdeaPa√≠s con Javiera Rodr√≠guez,"Apr 23, 2025",30,4,73.38,80,4,1,3,1,1,0,0,0,0,,0,0,0,6,0.0259,0,0:00:22,103,1.94
snqkiiWZj48,La pregunta del mill√≥n: ¬øapruebo o rechazo? Streaming en vivo junto a Diego Schalper y Karol Cariola,"Oct 5, 2020",4322,4,21.41,,3,1.3333,3,0,0,0,0,0,0,,0,0,0,4,1.0284,0,0:15:25,20,20
 -aKXs0eAy-c,Sembrando Futuro: ¬øC√≥mo superar la vulnerabilidad de la clase media?,"Oct 29, 2024",4341,3,0.05,,1,3,0,1,0,1,0,0,0,,0,0,0,3,0.0017,0,0:00:02,17,0
7fzjhbYwIvo,Emilia Garc√≠a en Mesa de an√°lisis T13 Noche: Cr√≠ticas a Matthei por dichos sobre el Golpe de Estado,"May 5, 2025",552,3,7.19,,3,1,3,0,0,0,0,0,0,,0,0,0,3,0.0331,0,0:00:39,4,0
8p-pO5JwQ4I,Cristi√°n Stewart se refiere a la gesti√≥n del gobierno del Presidente Gabriel Boric - En  @T13_cl,"May 29, 2025",645,3,38.99,,3,1,0,3,2,1,0,0,0,,0,0,0,3,0.2096,0,0:04:11,8,37.5
9QRUL9nZCDw,Te Cuento: En qu√© est√° el pacto fiscal.,"Apr 6, 2024",65,3,50.06,,3,1,3,0,0,0,0,0,0,,0,0,0,3,0.0271,0,0:00:32,22,13.64
AGsvUpltHyM,"Am√©rica Castillo analiza caso FACH, encuestas y presidenciales en Teletrece Noche","Jul 18, 2025",566,3,3.71,,3,1,1,2,1,1,0,0,0,,0,0,0,3,0.0175,0,0:00:20,14,0
CHYArcdiq8c,Michael Comber en T13: El descontento de la Generaci√≥n Z,"Oct 10, 2025",1173,3,0.55,,2,1.5,0,2,0,2,0,0,0,,0,0,0,3,0.0054,0,0:00:06,22,4.55
EGxizCbKBTA,An√°lisis en T13 Noche: Am√©rica Castillo revisa el escenario pol√≠tico,"Nov 20, 2025",570,3,43.14,,3,1,0,3,1,2,0,0,0,,0,0,0,3,0.2049,0,0:04:05,128,1.56
IBeJckkDfoY,Mujer y corresponsabilidad - Emilia Garc√≠a,"Sep 12, 2020",116,3,43.04,,3,1,0,3,1,2,0,0,0,,0,0,0,3,0.0416,0,0:00:49,19,10.53
NevOqis9oSQ,Am√©rica Castillo analiza la recta final de la campa√±a electoral en T13 Noche,"Nov 7, 2025",495,3,0.42,,3,1,2,1,0,1,0,0,0,,0,0,0,3,0.0017,0,0:00:02,34,0
NgpgOk-7jW4,Respondiendo a Camila Vallejo,"Apr 24, 2024",68,3,44.08,,2,1.5,1,1,0,1,0,0,0,100,-1,0,0,3,0.025,0,0:00:29,26,11.54
Q5pGUnUQX14,Am√©rica Castillo analiza la contingencia pol√≠tica en T13 Noche,"Oct 23, 2025",521,3,35.94,,3,1,1,2,0,2,0,0,0,,0,0,0,3,0.1561,0,0:03:07,52,5.77
UylfasUHC6Q,[TE CUENTO: POSTNATAL PARENTAL],"Nov 15, 2022",74,3,53.64,,3,1,2,1,0,1,0,0,0,,0,0,0,3,0.0331,0,0:00:39,22,9.09
V-auEj6Ysxg,[INDISPENSABLES] Cap√≠tulo 2: Servicialidad del Estado,"Apr 25, 2022",116,3,107.47,,3,1,2,1,1,0,0,0,0,,0,0,0,3,0.1039,0,0:02:04,21,9.52
Wfvr9q6eTqo,Podcast Sonido P√∫blico #3 Diego Rosales habla sobre el pulso ciudadano y el Chile de hoy,"May 14, 2025",2201,3,1.67,,3,1,3,0,0,0,0,0,0,,0,0,0,3,0.0306,0,0:00:36,12,8.33
XAFhr-Z9gwQ,¬øCumpli√≥ o no?: Juan Pablo Lira analiza Seguimiento Gubernamental en La Tercera En Vivo,"Jun 6, 2025",1011,3,1.53,,3,1,1,2,1,1,0,0,0,,0,0,0,3,0.0129,0,0:00:15,11,18.18
bD6WiUenHhQ,Jos√© Cuadro en @cnnchile se refiere al c√≥nclave para elegir al nuevo Papa,"May 8, 2025",1391,3,4.34,,3,1,2,1,1,0,0,0,0,,0,0,0,3,0.0503,0,0:01:00,7,14.29
g2oQ33k8340,¬øQu√© est√° pasando dentro de los liceos emblem√°ticos? Alejandro Antilef nos cuenta su experiencia,"Aug 13, 2025",1633,3,0.54,,3,1,2,1,1,0,0,0,0,,0,0,0,3,0.0074,0,0:00:08,83,0
g_NtgbOOF24,¬øReelecci√≥n sin l√≠mites en El Salvador? | Santiago Acosta en El Mundo Hoy - T13,"Aug 8, 2025",488,3,10.64,,3,1,2,1,0,1,0,0,0,,0,0,0,3,0.0433,0,0:00:51,74,2.7
gtVMFzJpv_Y,[ALDO MARCARE√ëO Y MANFRED SVENSSON EN IDEAPA√çS],"Sep 1, 2022",4781,3,0.71,,3,1,1,2,2,0,0,0,0,,0,0,0,3,0.0284,0,0:00:34,10,0
jI-Bu9yfUqw,"""Una pol√≠tica para la mujer"": con Evelyn Matthei y Karina Delfino","Mar 13, 2023",3866,3,26.51,,3,1,3,0,0,0,0,0,0,,0,0,0,3,0.8542,0,0:17:05,5,60
q8sSb9eNWWU,Santiago Acosta analiza el cambio en Bolivia en T13,"Oct 23, 2025",53,3,50.52,75,3,1,1,2,2,0,0,0,0,100,1,0,0,5,0.0226,0,0:00:26,126,0
rtWfVXPm88Q,Am√©rica Castillo en T13: An√°lisis de la contingencia nacional,"Oct 23, 2025",44,3,82.35,100,3,1,1,2,2,0,0,0,0,,0,0,0,5,0.0302,0,0:00:36,71,2.82
2Q2L5wQwOPY,Emilia Garc√≠a en T13 Noche: Inscripciones oficialismo a primarias,"May 5, 2025",678,2,4.12,,2,1,0,2,1,1,0,0,0,,0,0,0,2,0.0155,0,0:00:27,64,3.13
2kei_WjN860,¬øA qu√© se enfrenta esta generaci√≥n de j√≥venes? Por Michael Comber,"Jul 11, 2025",98,2,37.71,100,1,2,0,1,1,0,0,0,0,,0,0,0,2,0.0205,0,0:00:36,45,0
6oNsbQp35Vs,An√°lisis de la primera vuelta presidencial en Radio Metropolitan | Kevin Canales,"Nov 17, 2025",789,2,0.47,,2,1,0,2,0,2,0,0,0,,0,0,0,2,0.002,0,0:00:03,63,3.17
BYg2FOIMO2w,¬øAdi√≥s a la UF? Juan Pablo Lira explica por qu√© no es tan simple,"Jul 24, 2025",78,2,49.5,66.67,2,1,2,0,0,0,0,0,0,,0,0,0,3,0.0221,0,0:00:38,95,2.11
BeYpfCZk64U,Emilia Garc√≠a en Mesa Central T13,"Apr 29, 2025",2503,2,2.69,,2,1,2,0,0,0,0,0,0,,0,0,0,2,0.0374,0,0:01:07,8,0
DmHyfRD1u_U,"Podcast Sonido P√∫blico #1 Borja Y√°√±ez habla de pol√≠tica, liderazgo y movimientos universitarios","Apr 9, 2025",1717,2,1.8,,2,1,2,0,0,0,0,0,0,,0,0,0,2,0.0171,0,0:00:30,30,0
EoRlRcuT6fY,"Podcast Sonido P√∫blico #5: Redescubre Santiago con Rodrigo Guendelman, @SantiagoAdicto","Jul 9, 2025",2135,2,0.92,,2,1,1,1,1,0,0,0,0,,0,0,0,2,0.0109,0,0:00:19,38,2.63
G-m-33ypMbM,"Sol Serrano, Estallido Social: cicatrices por cerrar.","Apr 18, 2022",3324,2,38.25,,1,2,1,0,0,0,0,0,0,,0,0,0,2,0.7064,0,0:21:11,13,0
HhKd37pf9TU,"Contingencia pol√≠tica: Art√©s, Kast y Bachelet en la ONU | Emilia Garc√≠a en CNN Chile","Sep 26, 2025",1420,2,0.38,,2,1,0,2,1,1,0,0,0,,0,0,0,2,0.003,0,0:00:05,21,4.76
Ia-uqbXYCeg,Socialcristianismo y Econom√≠a - Entrevista a Joseph Kaboski,"Jun 20, 2018",1199,2,0.02,,2,1,2,0,0,0,0,0,0,,0,0,0,2,0.0001,0,0:00:00,10,0
KiMde6IGS9U,Claves del escenario post elecciones: an√°lisis de Mat√≠as Riveros en Radio Orocoipo,"Nov 20, 2025",689,2,3.12,,2,1,2,0,0,0,0,0,0,,0,0,0,2,0.0119,0,0:00:21,105,0
KydbunHSPUw,Javiera Corval√°n en @T13_cl se refiere al proyecto de ley que legaliza el aborto el Chile,"Jun 3, 2025",603,2,9.03,,1,2,0,1,0,1,0,0,0,,0,0,0,2,0.0302,0,0:00:54,7,28.57
LxEYMC0Us2s,A un a√±o del 28 de julio de 2024 en Venezuela por Santiago Acosta,"Jul 31, 2025",140,2,3.68,66.67,2,1,2,0,0,0,0,0,0,,0,0,0,3,0.0033,0,0:00:05,112,0.89
M6aJAt7Hnck,"Jorge Correa Sutil, Lucia Dammert y Pablo Urquizar: Desaf√≠os de Seguridad P√∫blica en Chile","Jun 19, 2024",4903,2,0.07,,1,2,0,1,1,0,0,0,0,,0,0,0,2,0.0019,0,0:00:03,15,0
Niqjih0kCmk,Ex Alumnos IdeaPa√≠s #5A√±osIdeaPa√≠s,"Nov 17, 2015",152,2,13.4,,1,2,1,0,0,0,0,0,0,,0,0,0,2,0.0113,0,0:00:20,6,33.33
Oezk-sg2IRM,Gonzalo Blumel y Natalia Piergentili: El legado pol√≠tico de Sebasti√°n Pi√±era,"Mar 27, 2024",4767,2,0.14,,2,1,2,0,0,0,0,0,0,,0,0,0,2,0.0036,0,0:00:06,11,0
OwW2VhKpvn8,An√°lisis sin filtro: Juan Pablo Lira en ADN Radio,"Jun 5, 2025",2317,2,0.39,,2,1,2,0,0,0,0,0,0,,0,0,0,2,0.005,0,0:00:09,18,11.11
PbLQQvTni8Q,Emilia Garc√≠a conversa en @cnnchile sobre las primarias y las pr√≥ximas presidenciales en Chile,"Jul 2, 2025",1653,2,14.62,,2,1,1,1,1,0,0,0,0,,0,0,0,2,0.1343,0,0:04:01,6,0
Ph8y41CYBoo,"Nuestra directora de Estudios, Emilia Garc√≠a, particip√≥ en la mesa de an√°lisis de @T13_cl Noche.","May 5, 2025",78,2,15.71,66.67,2,1,2,0,0,0,0,0,0,,0,0,0,3,0.0071,0,0:00:12,90,1.11
Qijgzf-8ajg,Gonzalo Letelier en Cursos IdeaPa√≠s,"Jun 18, 2012",53,2,71.69,,2,1,2,0,0,0,0,0,0,,0,0,0,2,0.0211,0,0:00:37,5,0
QxVbnzPcLsU,Cristi√°n Stewart en Radio BioB√≠o: Seguimiento Gubernamental,"Apr 2, 2025",1637,2,0.23,,1,2,0,1,0,1,0,0,0,,0,0,0,2,0.0021,0,0:00:03,5,40
TrNZn7pTBp8,Cristian Stewart en Pa√≠s ADN @adnradio,"Nov 21, 2025",2570,2,5.74,,2,1,2,0,0,0,0,0,0,,0,0,0,2,0.082,0,0:02:27,169,0
UUOWUAGNKkk,Javiera Corval√°n conversa en Radio Agricultura sobre natalidad y la protecci√≥n de la mujer,"Jul 29, 2025",2545,2,5.63,,2,1,0,2,1,1,0,0,0,,0,1,0,2,0.0796,0,0:02:23,12,8.33
VGxGL9X2R6w,La Br√∫jula Estudiantil 2025,"Jan 21, 2025",869,2,1.66,,2,1,0,2,2,0,0,0,0,,0,0,0,2,0.008,0,0:00:14,17,11.76
VMIuYqTaFYs,Javiera Corval√°n en ‚ÄúAl PizarroÃÅn‚Äù en Radio Agricultura: Maternidad subrogada,"May 13, 2025",1594,2,0.34,,2,1,1,1,0,1,0,0,0,,0,0,0,2,0.003,0,0:00:05,9,22.22
Xk_t9kjDqQk,Emprender con impacto social: la historia de Con Carnet en Sonido P√∫blico,"Aug 27, 2025",1588,2,1.01,,2,1,0,2,2,0,0,0,0,,0,0,0,2,0.0089,0,0:00:16,59,3.39
dCvc6ECN79g,[PA√çS AL D√çA],"Jun 14, 2022",47,2,82.51,100,2,1,0,2,2,0,0,0,0,,0,0,0,2,0.0215,0,0:00:38,23,8.7
dKJSpnvFJr8,"Cristi√°n Stewart en Pauta ADN: migraci√≥n, PGU, debate presidencial y m√°s","Sep 16, 2025",3120,2,2.81,,2,1,2,0,0,0,0,0,0,,0,0,0,2,0.0488,0,0:01:27,34,2.94
fOZA9sMdhTw,"T13 PAES 2024 - Investigadora de IdeaPa√≠s, Francisca Figueroa","Jan 16, 2025",664,2,0.26,,2,1,2,0,0,0,0,0,0,,0,0,0,2,0.001,0,0:00:01,14,14.29
kri2vcJlm6A,Juan Pablo Lira analiza la contingencia pol√≠tica en Pa√≠s ADN,"Sep 1, 2025",2168,2,6.6,,2,1,2,0,0,0,0,0,0,,0,0,0,2,0.0795,0,0:02:23,9,0
mhAbpuRD20w,Actualidad nacional e internacional: Cristi√°n Stewart en ADN Radio,"Jun 10, 2025",2621,2,0.35,,1,2,1,0,0,0,0,0,0,,0,0,0,2,0.0051,0,0:00:09,41,0
mjBpRTRXRBY,Jos√© Luis Widow en Cursos IdeaPa√≠s,"Jun 18, 2012",53,2,46.63,,1,2,1,0,0,0,0,0,0,,0,0,0,2,0.0137,0,0:00:24,8,25
mvlW2Zikod8,AdopcioÃÅn en Chile,"Mar 15, 2013",171,2,29.17,,2,1,2,0,0,0,0,0,0,100,1,0,0,2,0.0277,0,0:00:49,65,1.54
oGfFmx_5ShM,"La investigadora legislativa de IdeaPa√≠s, Javiera Corval√°n, conversa en @cronicasdewilson1674","May 20, 2025",4634,2,0.05,,2,1,1,1,0,1,0,0,0,,0,0,0,2,0.0013,0,0:00:02,14,7.14
p_AlyUPRq_A,Catalina Salem y su an√°lisis del trabajo de la Convenci√≥n Constitucional (Emol TV),"Sep 10, 2021",1298,2,18.81,,2,1,2,0,0,0,0,0,0,,0,0,0,2,0.1356,0,0:04:04,7,28.57
x-AKjf09vGI,Juan Pablo Lira en @radiouniversochile4876 se refiere a la crisis de natalidad en Chile,"Nov 17, 2025",1331,2,1.18,,2,1,2,0,0,0,0,0,0,,0,0,0,2,0.0087,0,0:00:15,84,2.38
xPsSF9juY_Q,Vocaci√≥n p√∫blica y liderazgo juvenil con Kevin Canales en Radio Metropolitan,"Nov 4, 2025",989,2,1.53,,2,1,1,1,0,1,0,0,0,,0,0,0,2,0.0084,0,0:00:15,34,2.94
zJPlZEO2E7A,Juan Pablo Lira conversa en Voces del Poder @cnnchile Radio,"Nov 11, 2025",1262,2,0.29,,2,1,0,2,1,1,0,0,0,,0,0,0,2,0.0021,0,0:00:03,40,2.5
zu3BSpDJbEI,Lanzamiento de la Revista Ra√≠ces N¬∞8 de IdeaPa√≠s O‚ÄôHiggins,"Aug 6, 2025",72,2,20.39,40,2,1,0,2,2,0,0,0,0,,0,0,0,5,0.0085,0,0:00:14,38,2.63
zwhWopVj-PU,Nuevo Pap√° Iglesia Cat√≥lica: Leon XIV,"May 8, 2025",54,2,78.07,50,2,1,0,2,2,0,0,0,0,,0,0,0,3,0.0236,0,0:00:42,19,10.53
 -GsQibQKbRw,Javiera Corval√°n se refiere a los apoyos que han recibido los candidatos Matthei y Kast @T13_cl,"Jun 13, 2025",594,1,4.78,,1,1,0,1,1,0,0,0,0,,0,0,0,1,0.0079,0,0:00:28,5,0
 -xcIPO-78aM,Debate Diego Schalper y Luis Larra√≠n sobre Uniones de Hecho parte 1,"Jul 14, 2011",896,1,1.42,,1,1,1,0,0,0,0,0,0,,0,0,0,1,0.0035,0,0:00:12,10,10
6Ql39MdPwS4,Cristi√°n Stewart en Radio ADN ‚Äì Panel ADN Pa√≠s con Aldo Schiappacasse,"May 27, 2025",2775,1,0.22,,1,1,1,0,0,0,0,0,0,,0,0,0,1,0.0017,0,0:00:06,3,0
6_YUrrUSvqU,CENSO 2024 y natalidad: Kevin Canales en Canal 9,"May 5, 2025",1164,1,0.37,,1,1,1,0,0,0,0,0,0,,0,0,0,1,0.0012,0,0:00:04,23,4.35
BSZyH09Sdak,IdeaPa√≠s: Congreso de Pol√≠ticas P√∫blicas Profamilia,"Sep 28, 2024",14141,1,0.13,,1,1,0,1,1,0,0,0,0,,0,0,0,1,0.005,0,0:00:17,24,4.17
BtlYeUjaYYo,Cristian Stewart analiza la contingencia en ADN Radio,"Nov 17, 2025",2939,1,47.59,,1,1,0,1,1,0,0,0,0,,0,0,0,1,0.3886,0,0:23:18,56,0
CfscE70IZF8,Javiera Corval√°n en T13 Noche,"Apr 11, 2025",618,1,1.44,,1,1,0,1,0,1,0,0,0,,0,0,0,1,0.0025,0,0:00:08,12,8.33
CtRS1NunL1I,Emilia Garc√≠a en Radio Imagina,"Apr 8, 2025",1379,1,1.02,,1,1,1,0,0,0,0,0,0,,0,0,0,1,0.0039,0,0:00:14,7,14.29
E84yZ-Ew8zI,¬°As√≠ se vivi√≥ la final de nuestro Tornero de Debate Escolar!,"Sep 10, 2025",90,1,20.49,33.33,1,1,0,1,1,0,0,0,0,,0,0,0,2,0.0055,0,0:00:18,153,0.65
ENfQAB0b5tg,Josefina Araos y la cultura como horizonte de sentido,"Jan 24, 2022",4153,1,1.45,,1,1,1,0,0,0,0,0,0,,0,0,0,1,0.0167,0,0:01:00,18,0
FoFFtN5d9IM,ProMujer -  Magdalena Vergara,"Mar 30, 2021",1054,1,0.73,,1,1,1,0,0,0,0,0,0,,0,0,0,1,0.0021,0,0:00:07,4,0
GznI9Xe3AMg,"Podcast Sonido P√∫blico #6: Creatividad, medios y redes con Sebasti√°n Puga","Jul 23, 2025",1797,1,0.29,,1,1,1,0,0,0,0,0,0,,0,0,0,1,0.0014,0,0:00:05,43,0
H5M9clURQss,Desaf√≠os Humanos de la Econom√≠a - Mat√≠as Petersen,"May 4, 2011",36,1,0.34,,1,1,1,0,0,0,0,0,0,,0,0,0,1,0,0,0:00:00,5,0
HE5byNwZ5m0,"[TIEMPO CONSTITUCI√ìN, RICARDO NEUMANN Y MAT√çAS ORELLANA ]","Aug 2, 2022",2862,1,0.19,,1,1,0,1,1,0,0,0,0,,0,0,0,1,0.0015,0,0:00:05,3,33.33
HG5obU-xtac,Seguimiento gubernamental IP en Meganoticias,"Apr 5, 2023",1095,1,0.27,,1,1,0,1,0,1,0,0,0,,0,0,0,1,0.0008,0,0:00:02,2,50
HTN3UhkAXMM,Lanzamiento Por el bienestar de las familias de Chile: Propuestas dela generaci√≥n sub40 para el 2030,"Mar 28, 2025",4202,1,0.1,,1,1,0,1,0,1,0,0,0,,0,0,0,1,0.0011,0,0:00:04,0,
HmUe3mMhtfM,√Ålvaro Ferrer en Cursos IdeaPa√≠s,"Sep 28, 2011",33,1,66.97,,1,1,1,0,0,0,0,0,0,,0,0,0,1,0.0061,0,0:00:22,9,11.11
IN88FbiFDfw,‚ÄúY en todo Caridad‚Äù: ¬°Ya est√°n las inscripciones abiertas!,"Jul 23, 2025",30,1,85.67,100,1,1,0,1,1,0,0,0,0,,0,0,0,1,0.0071,0,0:00:25,21,4.76
Ie9LNvUHtvA,Debate Diego Schalper y Luis Larra√≠n sobre Uniones de Hecho parte 2,"Jul 14, 2011",900,1,1.7,,1,1,1,0,0,0,0,0,0,,0,0,0,1,0.0043,0,0:00:15,9,11.11
KbTG1NcEafw,Cursos de formaci√≥n IdeaPa√≠s - Diego Schalper.,"Aug 24, 2013",109,1,102.48,,1,1,1,0,0,0,0,0,0,,0,0,0,1,0.031,0,0:01:51,6,16.67
KbiVJbmnlt8,Am√©rica Castillo en @T13_cl Noche sobre el reajuste en el presupuesto y la carrera presidencial,"Sep 11, 2025",529,1,3.33,,1,1,1,0,0,0,0,0,0,,0,0,0,1,0.0049,0,0:00:17,9,0
LfEVSlxlCwI,Ciclo Constitucional - La institucionalidad econ√≥mica,"Oct 9, 2020",4601,1,0.76,,1,1,1,0,0,0,0,0,0,,0,0,0,1,0.0097,0,0:00:35,2,50
LmjuJUBZezY,Antonio Correa en Bienvenidos de Canal 13,"May 16, 2018",4723,1,0.08,,1,1,1,0,0,0,0,0,0,,0,0,0,1,0.0011,0,0:00:03,4,25
LqNLYJT9YfI,Kevin Canales en @canal9biobiotv - ¬øCu√°nto ha cumplido el Gobierno del presidente Boric?,"Jun 3, 2025",837,1,4.42,,1,1,0,1,0,1,0,0,0,,0,0,0,1,0.0103,0,0:00:36,10,10
LtVvR4AB_o4,Chile actual: Estancamiento pol√≠tico - Juan Pablo Lira en S√∫bela!,"Jun 2, 2025",30,1,57.83,,1,1,0,1,1,0,0,0,0,,0,0,0,1,0.0048,0,0:00:17,86,1.16
MccMXODSLWo,La Escuela Pol√≠tica - Joaqu√≠n Garc√≠a Huidobro: Bencina y pasto seco: el 18 de octubre en perspectiva,"Aug 21, 2024",4849,1,0.02,,1,1,0,1,1,0,0,0,0,,0,0,0,1,0.0002,0,0:00:00,26,3.85
QdwC0Czib7o,Paco Zegers en Cursos IdeaPa√≠s,"Jul 11, 2012",55,1,95,,1,1,0,1,1,0,0,0,0,,0,0,0,1,0.0145,0,0:00:52,1,0
Qg4WSOGRgvQ,Propuestas Constitucionales,"Sep 24, 2020",86,1,0.46,,1,1,0,1,0,1,0,0,0,,0,0,0,1,0.0001,0,0:00:00,2,0
Qk9ET4jg4B4,"[LA ESCUELA POL√çTICA, SESI√ìN 2: ¬øQU√â ES EL BIEN HUMANO?]","Nov 2, 2022",134,1,9.93,,1,1,1,0,0,0,0,0,0,,0,0,0,1,0.0037,0,0:00:13,6,16.67
UsqlQs3QfJw,Lanzamiento¬†Revista Ra√≠ces N¬∞2: Desaf√≠o Constitucional,"May 13, 2021",2318,1,1.25,,1,1,1,0,0,0,0,0,0,,0,0,0,1,0.0081,0,0:00:29,27,3.7
V5nuRK4JZGo,Lanzamiento Revista Ra√≠ces N¬∫7: IdeaPa√≠s Los Lagos,"Mar 26, 2025",5575,1,2.29,,1,1,0,1,1,0,0,0,0,,0,0,0,1,0.0355,0,0:02:07,35,2.86
VjFSv6wXMmI,"[üéôHoja en Blanco]  Claudio Alvarado y la ""Tensi√≥n Constituyente""","Jul 26, 2021",1963,1,0.2,,1,1,0,1,1,0,0,0,0,,0,0,0,1,0.0011,0,0:00:04,4,0
YGMtxlSAzCc,"CASA DE TODOS:  ""Principios constitucionales y Estado social de Derecho""","Jul 29, 2022",4945,1,7.95,,1,1,1,0,0,0,0,0,0,,0,0,0,1,0.1092,0,0:06:33,6,0
YylAcXFcoj8,Emilia Garc√≠a en Radio ADN: la urgencia de enfrentar la crisis de natalidad en Chile,"Oct 10, 2025",1194,1,1.69,,1,1,0,1,0,1,0,0,0,,0,0,0,1,0.0056,0,0:00:20,20,5
ZfQ96eJp99I,¬øQueÃÅ es IdeaPaiÃÅs?,"May 6, 2015",1448,1,17.86,,1,1,1,0,0,0,0,0,0,,0,0,0,1,0.0718,0,0:04:18,10,10
aUs9JOasNB4,Intervenci√≥n Emilia Garc√≠a en el Senado,"Apr 28, 2025",1476,1,0.7,,1,1,1,0,0,0,0,0,0,,0,0,0,1,0.0029,0,0:00:10,8,0
azxcVJ1TmbI,ProMujer - Mariana Canales,"Sep 14, 2021",876,1,2.65,,1,1,1,0,0,0,0,0,0,,0,0,0,1,0.0065,0,0:00:23,6,16.67
c4srjHl5aU0,Am√©rica Castillo analiza los cierres de campa√±a de los candidatos presidenciales en @T13_cl Noche,"Nov 13, 2025",588,1,99.85,,1,1,0,1,1,0,0,0,0,,0,0,0,1,0.1631,0,0:09:47,44,0
dupYFkqj_N4,"Debate de Alcaldes 2024, pensando en Marchig√ºe","Oct 17, 2024",4596,1,0.01,,1,1,0,1,1,0,0,0,0,,0,0,0,1,0.0002,0,0:00:00,29,3.45
e7jrDPNjS2E,Am√©rica Castillo - Mesa de An√°lisis T13Noche sobre el esc√°ndalo tras el error en cuentas de luz,"Oct 16, 2025",547,1,20.63,,1,1,1,0,0,0,0,0,0,,0,0,0,1,0.0314,0,0:01:52,17,0
eQcHkfKXCgY,Memoria y reconciliaci√≥n en el Chile de hoy - Chile a 50 a√±os del golpe. Ciclo de Formaci√≥n IdeaPa√≠s,"Aug 23, 2023",4686,1,0.12,,1,1,0,1,1,0,0,0,0,,0,0,0,1,0.0016,0,0:00:05,5,20
epsEXb6OKJ8,Santiago Acosta en Noticias Caracol Colombia,"Jul 30, 2024",1085,1,0.7,,1,1,1,0,0,0,0,0,0,,0,0,0,1,0.0021,0,0:00:07,1,0
etgO79_4gNg,Francisca Figueroa en la Comisi√≥n de Educaci√≥n: propuestas para fortalecer la educaci√≥n p√∫blica,"Oct 21, 2025",646,1,0.36,,1,1,1,0,0,0,0,0,0,,0,0,0,1,0.0006,0,0:00:02,27,0
fAhKupjp_ns,Enrique San Miguel - Foro IdeaPa√≠s CED,"Mar 25, 2012",159,1,99.92,,1,1,0,1,1,0,0,0,0,,0,0,0,1,0.0441,0,0:02:38,4,25
fE9zmdI0daQ,T13 | Santiago Acosta comenta las reacciones al triunfo de Milei,"Oct 29, 2025",445,1,7.51,,1,1,1,0,0,0,0,0,0,,0,0,0,1,0.0093,0,0:00:33,43,2.33
frmBR4gJYVQ,Juan Pablo Lira conversa en @adnradio sobre la pol√≠tica chilena y las pr√≥ximas elecciones,"Jul 11, 2025",2831,1,2.97,,1,1,0,1,1,0,0,0,0,,0,0,0,1,0.0233,0,0:01:24,7,14.29
gCHmB1Oit6M,Econom√≠a Social de Mercado en Chile: ¬øMito o realidad?,"Nov 13, 2013",28,1,87.59,,1,1,1,0,0,0,0,0,0,,0,0,0,1,0.0068,0,0:00:24,4,25
gG3upsB-xig,Invitaci√≥n al Encuentro de L√≠deres J√≥venes en Biob√≠o | Kevin Canales en Canal 9,"Nov 7, 2025",255,1,8.65,,1,1,0,1,0,1,0,0,0,,0,0,0,1,0.0061,0,0:00:22,42,2.38
i2xB_UiCtRs,"Jose Cuadro, coordinador editorial de IdeaPa√≠s, conversa sobre el c√≥nclave para elegir al nuevo Papa","May 8, 2025",667,1,1.48,,1,1,0,1,1,0,0,0,0,,0,0,0,1,0.0027,0,0:00:09,12,8.33
jhiROTsehpI,Mat√≠as Arteaga te invita a ver el Podcast Sonido P√∫blico #4 sobre Gastronom√≠a Chilena,"Jun 25, 2025",20,1,76.13,100,1,1,1,0,0,0,0,0,0,,0,0,0,1,0.0042,0,0:00:15,64,0
koUfaLpyvTE,¬øCumple el Gobierno lo que promete? | Kevin Canales en El Conquistador,"Jun 3, 2025",1046,1,54.36,,1,1,1,0,0,0,0,0,0,,0,0,0,1,0.1579,0,0:09:28,13,0
lDA-tzj3JJ8,"Podcast Sonido P√∫blico #2: ¬øLa ""queen de las funas""? Javi Rodr√≠guez y la cultura de la cancelaci√≥n","Apr 24, 2025",1841,1,21.35,,1,1,0,1,1,0,0,0,0,,0,0,0,1,0.1092,0,0:06:33,11,9.09
m7nGv4YGaWI,Adelanto Podcast Sonido P√∫blico #3: Diego Rosales,"May 14, 2025",60,1,67.42,,1,1,1,0,0,0,0,0,0,,0,0,0,1,0.0112,0,0:00:40,45,0
m_DSjUxmEjI,TVN: Revista Ra√≠ces se lanza en Rancagua,"Jul 1, 2025",52,1,98.27,,1,1,0,1,1,0,0,0,0,,0,0,0,1,0.0142,0,0:00:51,4,25
nwI-J6gKRao,Fact o fake Constitucional 9: Salud,"Dec 1, 2023",75,1,24.28,,1,1,1,0,0,0,0,0,0,,0,0,0,1,0.0051,0,0:00:18,0,
oBZhkWYGhtY,Congreso de L√≠deres Secundarios 2022,"Nov 29, 2022",9616,1,0.16,,1,1,0,1,1,0,0,0,0,,0,0,0,1,0.0043,0,0:00:15,10,0
obH_89tfGeU,Formando l√≠deres j√≥venes: Mat√≠as Riveros presenta ELIJO en Radio Bienvenida,"Nov 20, 2025",1071,1,0.08,,1,1,1,0,0,0,0,0,0,,0,0,0,1,0.0002,0,0:00:00,94,0
p2xhatPnaGU,Participaci√≥n CristoÃÅbal Ruiz Tagle en comisi√≥n de familia.,"Jul 8, 2015",512,1,4.42,,1,1,0,1,1,0,0,0,0,,0,0,0,1,0.0063,0,0:00:22,3,33.33
qeelHYievjs,Pablo Valderrama en CNN Chile,"May 30, 2018",1349,1,94.14,,1,1,1,0,0,0,0,0,0,,0,0,0,1,0.3528,0,0:21:09,8,12.5
qmMHNik2E9g,"Contingencia pol√≠tica: listas parlamentarias, el llamado de Boric |Emilia Garc√≠a en CNN Radio","Aug 19, 2025",1640,1,2.29,,1,1,0,1,1,0,0,0,0,,0,0,0,1,0.0104,0,0:00:37,21,0
sadkExDqBNI,Podcast Sonido P√∫blico: Javi Rodr√≠guez- Apoyo de la familia,"May 8, 2025",47,1,106.01,100,1,1,1,0,0,0,0,0,0,,0,0,0,2,0.0138,0,0:00:49,22,0
tdC-jlvYShA,Lanzamiento Revista RaiÃÅces N¬∞7: El lugar de la √©tica en el debate contempor√°neo,"Dec 9, 2024",3266,1,0.17,,1,1,0,1,1,0,0,0,0,,0,0,0,1,0.0015,0,0:00:05,35,2.86
uzvTQbAhJKI,"[üéôHoja en Blanco] Sebasti√°n Soto Velasco y ""La hora de la Re Constituci√≥n""","Apr 8, 2021",2089,1,0,,1,1,0,1,1,0,0,0,0,,0,0,0,1,0,0,0:00:00,10,0
wTxu723zaLo,Esta noche: nuevo cap√≠tulo del podcast con Sebasti√°n Puga üéß,"Jul 23, 2025",31,1,106.6,100,1,1,0,1,1,0,0,0,0,,0,0,0,2,0.0089,0,0:00:31,39,2.56
zs_rgpmE7gg,[üéôHoja en Blanco] Mat√≠as Petersen y la discusi√≥n de los principios constitucionales,"Apr 27, 2021",1420,1,0.07,,1,1,0,1,1,0,0,0,0,,0,0,0,1,0.0003,0,0:00:01,2,0
uVemhBofHss,Francisca Figueroa ante el Tribunal Constitucional de Chile,"Mar 27, 2024",32,0,,0,0,,,,,,0,0,0,,0,0,0,1,0.0005,0,,77,0
 --awFqz6h9g,Emilia Garc√≠a conversa sobre feminismo y natalidad en Money Talks de la @latercera,"May 22, 2025",1895,,,,0,,,,,,,,,,,,,,,,,7,0
-8sUGHEymcE,[SEBASTI√ÅN SOTO EN IDEAPA√çS],"Aug 28, 2022",4625,,,,0,,,,,,,,,,,,,,,,,1,0
 -AkZJ9oXq_w,Emilia Garc√≠a en T13 Noche: Frente Amplio y apoyo a Toh√°,"May 5, 2025",665,,,,0,,,,,,,,,,,,,,,,,1,0
 -IU2Yby1nGI,Sherif Girgis expone en ICARE,"May 29, 2012",74,,,,0,,,,,,,,,,,,,,,,,5,0
 -QjMCov_mFs,‚ÄúLa Propuesta de nueva Constituci√≥n‚Äù: con Fernando Atria y Ruggero Cozzi,"Jul 12, 2022",5055,,,,0,,,,,,,,,,,,,,,,,6,0
 -eLdD0XCp1Q,Rol y Modernizaci√≥n del Estado,"Feb 23, 2021",4728,,,,0,,,,,,,,,,,,,,,,,3,0
 -kSIq00FPDc,Javiera Corval√°n en T13 Noche: Declaraciones de Carmona y propuesta ‚ÄúChao Pr√©stamo‚Äù bajo la lupa,"Sep 1, 2025",567,,,,0,,,,,,,,,,,,,,,,,12,0
 -nmm9J3p5FI,Conflicto en Medio Oriente y Nobel de la Paz: la mirada de Cristi√°n Stewart en Radio Pauta,"Oct 17, 2025",1113,,,,0,,,,,,,,,,,,,,,,,16,0
 -sXIo9zLi5g,Libertad de Ense√±anza y Rol de los Padres en la Educaci√≥n de sus Hijos.,"Oct 6, 2021",3443,,,,0,,,,,,,,,,,,,,,,,3,0
0EF7-DYsZf0,Taller de Emprendimiento en Universidad San Sebasti√°n,"Apr 2, 2012",104,,,,0,,,,,,,,,,,,,,,,,1,0
0QGNSlrEqQE,La Br√∫jula - Cap√≠tulo 2,"Apr 19, 2023",3225,,,,0,,,,,,,,,,,,,,,,,3,0
0j7S970mhiE,"FEUC en Sonido P√∫blico: Agosto Solidario, fin del CAE y la interna en la Confech","Sep 24, 2025",1705,,,,0,,,,,,,,,,,,,,,,,15,0
0jB6x9sVgR0,La Br√∫jula: Crisis migratoria en el norte e interpelaci√≥n a la Ministra Toh√°,"May 3, 2023",4056,,,,0,,,,,,,,,,,,,,,,,5,0
1BbGy0IXWVE,DescentralizacioÃÅn: una forma de acercar la pol√≠tica a la ciudadan√≠a.,"Dec 6, 2019",99,,,,0,,,,,,,,,,,,,,,,,1,0
2ZOCW2Q0_6Q,El Presidencialismo en disputa,"Mar 24, 2021",4015,,,,0,,,,,,,,,,,,,,,,,7,0
2opNccLe3gQ,"Carmen Dom√≠nguez, Directora Centro Familia UC","Sep 28, 2011",52,,,,0,,,,,,,,,,,,,,,,,7,0
30qnS_zwsys,Desaf√≠os Humanos de la Econom√≠a,"May 4, 2011",16,,,,0,,,,,,,,,,,,,,,,,1,0
34PBYtmsq18,Foro sobre participaci√≥n p√∫blica juvenil en UDD,"May 11, 2012",86,,,,0,,,,,,,,,,,,,,,,,1,0
3BrW3VZrxCc,Ex Ministro Rodrigo √Ålvarez saluda a IdeaPa√≠s,"May 11, 2012",13,,,,0,,,,,,,,,,,,,,,,,1,0
3RSGZD7HJI0,Campa√±a II Semestre curso Ideas y Discusiones del SXXI,"Aug 6, 2015",95,,,,0,,,,,,,,,,,,,,,,,4,0
3zjg3eFIJoI,¬øQu√© pasa con la Salud?,"Nov 29, 2019",82,,,,0,,,,,,,,,,,,,,,,,1,0
4O7Bk5k3veM,PREGUNTAS Y RESPUESTAS CON: CLAUDIO ALVARADO,"May 13, 2020",451,,,,0,,,,,,,,,,,,,,,,,25,0
56qpNy3Azs8,Cleptocracia en el foco: ¬øC√≥mo frenar el financiamiento de dictaduras?,"Aug 25, 2025",3274,,,,0,,,,,,,,,,,,,,,,,29,0
6WiozhNsFk0,Primer Congreso de Desarrollo Humano para Chile,"Jul 11, 2011",349,,,,0,,,,,,,,,,,,,,,,,1,0
6k6_7looEAA,Jos√© Cuadro en Radio Universo se refiere al c√≥nclave para elegir al nuevo Papa,"May 8, 2025",1077,,,,0,,,,,,,,,,,,,,,,,7,0
7-IjnzJ4vck,"[LA ESCUELA POL√çTICA, SESI√ìN 4: LA LIBERTAD COMO BIEN DE LA PERSONA]","Nov 2, 2022",107,,,,0,,,,,,,,,,,,,,,,,4,0
79dZaScPzlk,"Familia, Estado y Sociedad Contempor√°nea, 1re panel Congreso de Pensamiento: Hablemos de la Familia","Oct 24, 2023",4202,,,,0,,,,,,,,,,,,,,,,,14,0
7ERXdHt7MmY,Foro sobre renovaci√≥n pol√≠tica en UC,"Jul 6, 2012",94,,,,0,,,,,,,,,,,,,,,,,1,0
7FdjzWlmeuw,Cristi√°n Stewart en Biob√≠o: Socialcristianismo y las batallas culturales,"Apr 7, 2024",79,,,,0,,,,,,,,,,,,,,,,,8,0
7HHUGqLf-Rc,Independencia en pol√≠tica: Una trampa,"Aug 30, 2024",358,,,,0,,,,,,,,,,,,,,,,,1,0
7brDGslziYI,Sembrando Futuro - Solidaridad y Subsidiaridad ¬øC√≥mo atendemos el malestar social?,"Oct 17, 2024",5785,,,,0,,,,,,,,,,,,,,,,,17,0
7omT8gIeayM,IdeaPa√≠s - Dona Tu CafeÃÅ,"Jan 9, 2014",43,,,,0,,,,,,,,,,,,,,,,,1,0
8MD1p4xOjqI,entrevistas,"Sep 1, 2011",28,,,,0,,,,,,,,,,,,,,,,,1,0
8ZIyQXvyhhs,"Agenda Nacional CNN ""Uniones de hecho"" parte 3","Jul 12, 2011",487,,,,0,,,,,,,,,,,,,,,,,1,0
8c7wRHJWM3s,Diego Schalper en 24 Horas: Nueva Marcha por la Educaci√≥n,"Jul 12, 2013",783,,,,0,,,,,,,,,,,,,,,,,2,0
96zy1J-sCMs,¬øQu√© propone MEO para Chile? Mat√≠as Riveros en Radio Fiesta,"Aug 7, 2025",1444,,,,0,,,,,,,,,,,,,,,,,10,0
9_65PW6lCx8,Debate Uniones de Hecho: Claudio Alvarado junto a Rolando Jim√©nez parte 2,"Jul 13, 2011",894,,,,0,,,,,,,,,,,,,,,,,2,0
9jxkMChQb-M,U. San Sebasti√°n: Congreso de participaci√≥n juvenil,"May 18, 2012",135,,,,0,,,,,,,,,,,,,,,,,3,0
9t6fOpg4FNw,Cursos IP Alejandro Miranda,"Jul 18, 2012",26,,,,0,,,,,,,,,,,,,,,,,1,0
9trx8vIpA6I,Nicol√°s Ibieta en Cursos IdeaPa√≠s,"Jun 20, 2012",46,,,,0,,,,,,,,,,,,,,,,,2,0
AESUuFg06Us,Foro IP. Diego Gonz√°lez,"Apr 24, 2019",28,,,,0,,,,,,,,,,,,,,,,,1,0
ALPeOnkFG_g,El nuevo escenario pol√≠tico en Bolivia: Santiago Acosta en T13,"Oct 23, 2025",978,,,,0,,,,,,,,,,,,,,,,,45,0
ATrl0zRUCnM,"[TIEMPO CONSTITUCI√ìN, FELIPE HARBOE Y LORETO VALLEJOS]","Aug 16, 2022",3753,,,,0,,,,,,,,,,,,,,,,,1,0
AZ3Ou1YZ1Ys,"""Tenemos que avanzar con un proyecto que genere consenso""","Jul 7, 2015",12,,,,0,,,,,,,,,,,,,,,,,2,0
AaVPJCiRcsE,IdeaPa√≠s en Medios,"Apr 25, 2012",189,,,,0,,,,,,,,,,,,,,,,,1,0
AhpQQRzrDr4,"Francisca Figueroa, investigadora en IdeaPa√≠s, participa en Mesa de an√°lisis T13 Noche","May 7, 2025",563,,,,0,,,,,,,,,,,,,,,,,7,0
Ani51LrQgzw,Pilar Sordo en IdeaPa√≠s,"Jun 25, 2012",101,,,,0,,,,,,,,,,,,,,,,,1,0
Aow0_PEWiqI,Congreso de Pol√≠ticas P√∫blicas Profamilia,"Oct 8, 2024",66,,,,0,,,,,,,,,,,,,,,,,1,0
BFJCg_v4TvA,Eugenio Ya√±ez y el modelo econ√≥mico chileno,"Jan 24, 2022",3881,,,,0,,,,,,,,,,,,,,,,,3,0
B_rzLpgpZKw,Pablo Varas debate sobre educaci√≥n en 24Horas TVN / V√≠a P√∫blica,"Apr 12, 2013",2313,,,,0,,,,,,,,,,,,,,,,,11,0
BcRBPsqUEE4,Kevin Canales en Canal 9: Actualidad pol√≠tica y regional,"May 13, 2025",1394,,,,0,,,,,,,,,,,,,,,,,42,0
BjsXzxQS3WM,La Br√∫jula (Cap√≠tulo 5): Elecciones de consejeros constitucionales,"May 10, 2023",2603,,,,0,,,,,,,,,,,,,,,,,4,0
C4XXfGKffoM,Nota Tolerancia Cero,"Dec 3, 2012",74,,,,0,,,,,,,,,,,,,,,,,2,0
C5kr4qcLhpQ,Francisca Figueroa en Mesa de An√°lisis de @T13_cl conversan sobre los candidatos presidenciales,"Jun 25, 2025",670,,,,0,,,,,,,,,,,,,,,,,4,0
CD9qia_jUoo,"""Seguridad y espacios p√∫blicos"", con los alcaldes Carolina Leitao, Rodolfo Carter y Gustavo Toro","Jan 11, 2023",5171,,,,0,,,,,,,,,,,,,,,,,15,0
CL4mEBUFRhk,"TV O'Higgins acompa√±√°ndonos en Elijo 2023 ""Encuentro de L√≠deres J√≥venes""","Jun 20, 2023",170,,,,0,,,,,,,,,,,,,,,,,2,0
CY0C2dGS8rw,"Debate sobre ""matrimonio"" igualitario en U. Santo Tom√°s","Jun 7, 2012",104,,,,0,,,,,,,,,,,,,,,,,1,0
Cq8MIInQbbI,Impresiones de Evelyn Matthei sobre el Congreso de Pol√≠ticas P√∫blicas Profamilia,"Oct 9, 2024",58,,,,0,,,,,,,,,,,,,,,,,2,0
D96sKQoaJ08,Mat√≠as Petersen y el reformismo,"Jan 24, 2022",3237,,,,0,,,,,,,,,,,,,,,,,1,0
DI01htJR-jc,Alberto L√≥pez Hermida en Cursos IdeaPa√≠s,"Jul 11, 2012",39,,,,0,,,,,,,,,,,,,,,,,2,0
E2PKeoF8hjo,Alianza Transatl√°ntica en el Foco: el futuro de las relaciones Europa-Estados Unidos.,"Mar 31, 2025",3751,,,,0,,,,,,,,,,,,,,,,,20,0
F1_98XPVy5A,Experiencia en terreno Cursos IdeaPa√≠s 2012,"Jun 27, 2012",86,,,,0,,,,,,,,,,,,,,,,,1,0
F1i594FeL9U,"Kast, Jara y las tensiones que marcan la agenda pol√≠tica: conoce la mirada de Am√©rica Castillo","Aug 14, 2025",758,,,,0,,,,,,,,,,,,,,,,,9,0
FIfy9bhab9Q,Congreso de Desarrollo Humano IdeaPa√≠s 2012 (primera parte),"Apr 16, 2012",121,,,,0,,,,,,,,,,,,,,,,,1,0
FLRoet-ATHU,¬øSe cumplieron las promesas de la Cuenta P√∫blica 2024?: Cristi√°n Stewart en Radio Pauta,"Jun 3, 2025",665,,,,0,,,,,,,,,,,,,,,,,5,0
FOC_4XA-_s4,Nicol√°s Le√≥n debate sobre educaci√≥n en Canal 24Horas,"Mar 28, 2014",894,,,,0,,,,,,,,,,,,,,,,,1,0
FhZwpvLmhmw,¬øSe acaba el CAE? Juan Pablo Lira expone en la Comisi√≥n de Hacienda,"Jun 4, 2025",428,,,,0,,,,,,,,,,,,,,,,,1,0
FrxCmS_E4N4,Cierre Formaci√≥n IdeaPa√≠s 2017,"Nov 23, 2017",61,,,,0,,,,,,,,,,,,,,,,,1,0
GD18GBpvpVY,Impulso 2018,"Feb 8, 2018",65,,,,0,,,,,,,,,,,,,,,,,1,0
GQGoXXWNSRA,Entrevista a Evelyn Matthei: Seguridad y Desaf√≠os de Chile | IdeaPa√≠s en Radio Fiessta,"Jul 17, 2025",1263,,,,0,,,,,,,,,,,,,,,,,3,0
GSv6dDSWwSY,"La Escuela Pol√≠tica 2024: ""La Familia como bien p√∫blico"", con Catalina Siles","Oct 16, 2024",5062,,,,0,,,,,,,,,,,,,,,,,5,0
Gvct0DXM0cQ,Radiograf√≠a del Empleo en Biob√≠o: ¬øCrisis o oportunidad? | Kevin Canales en Canal 9,"Aug 7, 2025",726,,,,0,,,,,,,,,,,,,,,,,11,0
GvdZdHvI3jU,Curso: Ideas y Discusiones del SXXI,"Aug 3, 2016",101,,,,0,,,,,,,,,,,,,,,,,1,0
HOzJ845Qf6M,Cursos de Formaci√≥n IdeaPa√≠s,"Sep 3, 2012",99,,,,0,,,,,,,,,,,,,,,,,1,0
HTf8X407iUU,Cursos IdeaPa√≠s 2012 - Invitaci√≥n de Mat√≠as Petersen,"Aug 8, 2012",47,,,,0,,,,,,,,,,,,,,,,,3,0
HVIZJtU151M,IdeaPa√≠s 2016,"Jan 26, 2017",136,,,,0,,,,,,,,,,,,,,,,,2,0
HXwuKLE22Nk,Francisca Figueroa conversa en @T13_cl sobre las primarias y el triunfo de Jeannette Jara,"Jul 4, 2025",524,,,,0,,,,,,,,,,,,,,,,,7,0
HZdmuQH8UQ8,Te Cuento: Estado Social y Democr√°tico de Derecho,"Jul 15, 2023",73,,,,0,,,,,,,,,,,,,,,,,1,0
H_OzMGkZe04,Elecciones 2021: Conclusiones y proyecciones,"Nov 25, 2021",4476,,,,0,,,,,,,,,,,,,,,,,2,0
Hlvv_T55FPM,Emilia Garc√≠a analiza libertad de sicario y multas por no votar | Voces del Poder ‚Äì CNN Chile,"Jul 18, 2025",1600,,,,0,,,,,,,,,,,,,,,,,4,0
HmKksCIpSJ4,CNN Chile | Emilia Garc√≠a comenta la tensi√≥n entre Jara y Montes y el programa de la candidata,"Oct 29, 2025",1426,,,,0,,,,,,,,,,,,,,,,,26,0
IH-fr-VfnXU,"Nicol√°s Le√≥n ""Embarazo Vulnerable debe ser el piso m√≠nimo para discutir sobre aborto""","Jun 22, 2015",100,,,,0,,,,,,,,,,,,,,,,,3,0
IZImdIBxvmc,Diego Schalper en Terra Tv: Hambreak,"Jul 30, 2013",1217,,,,0,,,,,,,,,,,,,,,,,1,0
IsTT0rFsUUE,Cristi√°n Stewart analiza jornada de elecciones en Emol TV,"Nov 22, 2021",1233,,,,0,,,,,,,,,,,,,,,,,27,0
IuMGP8vHNMg,Magdalena Vergara y la educaci√≥n en la nueva Constituci√≥n en 24 Horas,"May 13, 2022",329,,,,0,,,,,,,,,,,,,,,,,4,0
J3gKmu6-4Kc,[INDISPENSABLES] Cap√≠tulo 1: Conceptos B√°sicos,"Mar 21, 2022",156,,,,0,,,,,,,,,,,,,,,,,18,0
JKWg6B2vW74,Santiago Acosta - Mesa de An√°lisis T13Noche sobre la nominaci√≥n de Michelle Bachelet a la ONU,"Sep 26, 2025",597,,,,0,,,,,,,,,,,,,,,,,14,0
JcZ-nztZ98k,"Lanzamiento ""Gonzalo Vial. Pol√≠tica y crisis social""","Oct 22, 2020",5607,,,,0,,,,,,,,,,,,,,,,,7,0
Jm29-kXsY98,Foro IP con Ignacio Briones.,"Oct 15, 2019",3665,,,,0,,,,,,,,,,,,,,,,,1,0
KV_fQSs2VpU,Tres razones para mantener la bicameralidad,"Jul 3, 2021",73,,,,0,,,,,,,,,,,,,,,,,5,0
Kh6r87Zmu5c,Participaci√≥n de Magdalena Vergara en la Comisi√≥n de Educaci√≥n de la C√°mara de Diputados,"Jul 30, 2024",1888,,,,0,,,,,,,,,,,,,,,,,4,0
L-nBXLGP0mU,Lecciones de la renovaci√≥n socialista - Chile a 50 a√±os del golpe. Ciclo de formaci√≥n IdeaPa√≠s.,"Aug 25, 2023",4823,,,,0,,,,,,,,,,,,,,,,,61,0
L4yHIwPPuHI,Al gobierno se le dio la opci√≥n de dialogar en pensiones,"Jan 26, 2024",41,,,,0,,,,,,,,,,,,,,,,,10,0
LJ1uiG-KhJo,Feria del Libro de √ëu√±oa - Lanzamiento #dondeestaelrelato,"Jan 17, 2012",121,,,,0,,,,,,,,,,,,,,,,,1,0
LpxJmsDp8VQ,Sonido P√∫blico,"Sep 30, 2020",98,,,,0,,,,,,,,,,,,,,,,,7,0
Lyefff3rwfE,"El Tip√≥grafo acompa√±√°ndonos en Elijo 2023 ""Encuentro de L√≠deres J√≥venes""","Jun 20, 2023",479,,,,0,,,,,,,,,,,,,,,,,1,0
M-3wNxAv2GY,Congreso de Desarrollo Humano IdeaPa√≠s 2012 (segunda parte),"Apr 16, 2012",104,,,,0,,,,,,,,,,,,,,,,,1,0
M1rN8g-5xfE,Santiago Acosta conversa sobre los referentes de la centroderecha en Chile,"Jul 2, 2025",4074,,,,0,,,,,,,,,,,,,,,,,23,0
MnjNNzkldpA,Ramon Berrios,"Sep 29, 2011",43,,,,0,,,,,,,,,,,,,,,,,9,0
Mq_SSpaukEc,La Br√∫jula - martes 05 de marzo de 2024,"Mar 6, 2024",2966,,,,0,,,,,,,,,,,,,,,,,7,0
MyJ1wB_6wUo,Sherif Girgis expone en UNAB,"May 30, 2012",186,,,,0,,,,,,,,,,,,,,,,,4,0
N1QjYCFDL1c,¬øQu√© riesgos hay en la discusi√≥n legislativa sobre la eutanasia?,"Jul 24, 2025",167,,,,0,,,,,,,,,,,,,,,,,30,0
N2wPiftTMvk,PREGUNTAS Y RESPUESTAS CON: DIEGO SCHALPER,"Apr 23, 2020",697,,,,0,,,,,,,,,,,,,,,,,5,0
NsJyCXqj3dM,Cristian Stewart en Pa√≠s de @adnradio conversa sobre pol√≠tica nacional e internacional,"Oct 3, 2025",3407,,,,0,,,,,,,,,,,,,,,,,25,0
NwL3ZPjwnmE,Elecciones en Bolivia en el foco: s√≠ntomas de cambio en Am√©rica Latina,"Nov 3, 2025",1445,,,,0,,,,,,,,,,,,,,,,,51,0
O0PK8ZAzErA,"Cristi√°n Loewe en Mesa de An√°lisis T13 Noche ""Las Consecuencias del caso fundaciones""","Jul 5, 2023",649,,,,0,,,,,,,,,,,,,,,,,3,0
O9meZ1-bEz8,Cristi√°n Stewart en ADN Radio: ¬øCampa√±as sucias contra Evelyn Matthei?,"Jul 23, 2025",2493,,,,0,,,,,,,,,,,,,,,,,7,0
O9oZAVkPJxc,Santiago Acosta analiza el ataque a embarcaci√≥n venezolana en T13,"Sep 4, 2025",873,,,,0,,,,,,,,,,,,,,,,,12,0
OBfDCbQIjCQ,Cristi√°n Stewart analiza el caso ProCultura - Radio Pauta,"May 13, 2025",1444,,,,0,,,,,,,,,,,,,,,,,2,0
OQ3gghctonI,SINTESIS PODCAST [Cap 1] Comunidad: La palabra que falta,"Nov 29, 2022",2213,,,,0,,,,,,,,,,,,,,,,,2,0
OR-HqaIBDJc,Mat√≠as Petersen en Cursos IdeaPa√≠s,"Jul 11, 2012",38,,,,0,,,,,,,,,,,,,,,,,1,0
OfZPs5lV3MY,Caso Convenios: ¬øUn patr√≥n internacional?,"May 30, 2025",225,,,,0,,,,,,,,,,,,,,,,,1,0
Oh06IE9Kgwo,PRESIDENTE VS CONGRESO,"Dec 5, 2020",4463,,,,0,,,,,,,,,,,,,,,,,2,0
OlbA_hGvmts,Derecho sociales y metas solidarias - Pablo Valderrama,"Sep 12, 2020",105,,,,0,,,,,,,,,,,,,,,,,2,0
OnRIXObk48M,Magdalena Vergara en la C√°mara de Diputados,"Apr 7, 2017",765,,,,0,,,,,,,,,,,,,,,,,2,0
PGFNrfuAnLw,Cristi√°n Stewart sobre el derecho a la vivienda digna y adecuada,"May 30, 2022",283,,,,0,,,,,,,,,,,,,,,,,1,0
PJBmpjlJf1U,Debate Uniones de Hecho: Claudio Alvarado junto a Rolando Jim√©nez parte 2,"Jul 13, 2011",892,,,,0,,,,,,,,,,,,,,,,,2,0
PVJ24_iOSYE,Estallido Social,"Jan 22, 2021",7487,,,,0,,,,,,,,,,,,,,,,,16,0
P_RbKfl4cHA,Debate Academia IdeaPa√≠s,"Apr 6, 2017",46,,,,0,,,,,,,,,,,,,,,,,1,0
PbFZOOg0XsM,La quinta sesi√≥n de la Escuela Pol√≠tica -  Terapias Genero-Afirmativas NNA,"Sep 6, 2024",6835,,,,0,,,,,,,,,,,,,,,,,11,0
QAGXxATmS-M,Fact o fake Constitucional 4: Sistema Pol√≠tico,"Nov 22, 2023",91,,,,0,,,,,,,,,,,,,,,,,1,0
QNoq6n9ke-w,Te Cuento: Informe de seguimiento a la gesti√≥n del Gobierno Regional O'Higgins.,"Aug 5, 2023",103,,,,0,,,,,,,,,,,,,,,,,3,0
QgBvjypivHA,PREGUNTAS Y RESPUESTAS CON: SEBASTI√ÅN SOTO,"Jun 3, 2020",836,,,,0,,,,,,,,,,,,,,,,,11,0
RBpbF0Gz97w,Sherif Girgis y l√≠deres pol√≠ticos exponen en UC,"Jun 7, 2012",120,,,,0,,,,,,,,,,,,,,,,,4,0
RXOd5k_AT5A,El 11 de Septiembre en prespectiva - Chile a 50 a√±os del golpe. Ciclo de formaci√≥n IdeaPais.,"Sep 14, 2023",3627,,,,0,,,,,,,,,,,,,,,,,5,0
SIvQtR3w24I,Podcast Sonido P√∫blico #4: Entre Sabores y Tradici√≥n ‚Äì La Pasi√≥n de Mat√≠as Arteaga por lo Chileno,"Jun 25, 2025",2255,,,,0,,,,,,,,,,,,,,,,,54,0
SOoRiMliwbs,Cristi√°n Stewart en Radio Pauta: An√°lisis Caso ProCultura,"May 23, 2025",1268,,,,0,,,,,,,,,,,,,,,,,12,0
SP7GHfLkOtg,Foro IP con Patrick Deneen,"Jul 10, 2019",4063,,,,0,,,,,,,,,,,,,,,,,36,0
SQuPv_T5eNU,DEBATE CANDIDATOS AL CONSEJO CONTITUYENTE REGI√ìN DE O¬¥HIGGINS,"Apr 27, 2023",5657,,,,0,,,,,,,,,,,,,,,,,2,0
Si0gM4A5oHw,El D√≠a despu√©s: Un an√°lisis post-plebiscito / IdeaPais,"Dec 19, 2023",8304,,,,0,,,,,,,,,,,,,,,,,5,0
SsQ7hRQWHHk,Fact o fake Constitucional 14: Contribuciones,"Dec 12, 2023",90,,,,0,,,,,,,,,,,,,,,,,1,0
T8QzaEIYhB4,Te Cuento: Casen 2022,"Aug 17, 2023",94,,,,0,,,,,,,,,,,,,,,,,3,0
TDc1joZdQlI,Los Mecanismos Constituyentes,"Aug 14, 2020",179,,,,0,,,,,,,,,,,,,,,,,1,0
TKGIaiui8_w,alejandro romero,"Sep 1, 2011",16,,,,0,,,,,,,,,,,,,,,,,5,0
TQAFbhINqAE,Mexico en el Foco - Reforma Judicial: Riesgo para la democracia,"Oct 17, 2024",3996,,,,0,,,,,,,,,,,,,,,,,10,0
Tm6-WYrcJTs,Ciclo Constitucional - ¬øConstituci√≥n de 1980?,"Oct 9, 2020",3943,,,,0,,,,,,,,,,,,,,,,,1,0
TqPoDNOAnvI,IP Resumen Lanzamiento Ra√≠ces,"Jan 20, 2021",50,,,,0,,,,,,,,,,,,,,,,,27,0
U5wWAKnf-I8,Democracia Universitaria en la Universidad Cat√≥lica,"May 3, 2012",109,,,,0,,,,,,,,,,,,,,,,,3,0
UQNmKPlOSB4,Reporte de Perspectiva O‚ÄôHiggins | Entrevista a Mat√≠as Riveros en ERTVSi,"Sep 16, 2025",920,,,,0,,,,,,,,,,,,,,,,,19,0
UR2xHhaDcUk,Kevin Canales en el Matinal ‚ÄúNuestra Casa‚Äù- Sistema de admisi√≥n a la educaci√≥n superior,"Feb 3, 2025",1179,,,,0,,,,,,,,,,,,,,,,,7,0
UW1vG3erkEU,Antonio Correa en el Tribunal Constitucional,"Aug 21, 2017",527,,,,0,,,,,,,,,,,,,,,,,1,0
VX96vY7-iEY,"Sembrando Futuro: Repensando la Educaci√≥n ""Innovaci√≥n y Paradigmas Emergentes en Chile y Argentina""","Oct 1, 2024",4749,,,,0,,,,,,,,,,,,,,,,,15,0
VjKb75xEYwE,"Nuevo curso de Formaci√≥n ""Pol√≠tica y ficci√≥n cinematogr√°fica""","Oct 19, 2011",80,,,,0,,,,,,,,,,,,,,,,,1,0
WFuoWoc3Zyk,Congreso de L√≠deres Secundarios - Concepci√≥n,"Sep 27, 2017",103,,,,0,,,,,,,,,,,,,,,,,2,0
WKwhUPdVikI,Mat√≠as Petersen,"Sep 28, 2011",41,,,,0,,,,,,,,,,,,,,,,,2,0
W_4tS5S-xjA,"Lanzamiento Revista Ra√≠ces N¬∞6: La Familia un bien p√∫blico, con Sergio Micco e Isabel Pl√°","May 16, 2024",3858,,,,0,,,,,,,,,,,,,,,,,33,0
WrUDKpqXLMM,La solidaridad como principio - Magdalena Ortega,"Sep 15, 2020",105,,,,0,,,,,,,,,,,,,,,,,4,0
XQ51OK6iSeU,Te Cuento: Derecho al cuidado v2,"Jul 7, 2023",102,,,,0,,,,,,,,,,,,,,,,,1,0
XbweVbPpAJw,Qu√© ha pasado y qu√© se viene en la Convenci√≥n Constitucional,"Nov 16, 2021",135,,,,0,,,,,,,,,,,,,,,,,2,0
XgBLqxeh9Bk,Macrozona Sur Abandonada,"Jun 11, 2022",59,,,,0,,,,,,,,,,,,,,,,,31,0
XlCQghnMviY,¬øQu√© le regalar√≠as a Chile este 18? - Voces de la Calle,"Sep 14, 2012",97,,,,0,,,,,,,,,,,,,,,,,1,0
XvRqSMf2gkE,[INDISPENSABLES] Cap√≠tulo 3: Libertades y derechos fundamentales,"Jun 6, 2022",136,,,,0,,,,,,,,,,,,,,,,,16,0
YK_GGtbp-y0,Avance de entrevista a Mart√≠n Andrade de Fundaci√≥n Mi Parque,"Nov 22, 2011",79,,,,0,,,,,,,,,,,,,,,,,6,0
YXZIEqzJ8Zs,Mat√≠as Petersen,"Sep 28, 2011",41,,,,0,,,,,,,,,,,,,,,,,1,0
YZw5n-_wUKA,Cristian Stewart en Radio ADN: contingencia pol√≠tica y mirada hacia las presidenciales,"Aug 18, 2025",2395,,,,0,,,,,,,,,,,,,,,,,24,0
Yb1vHPRmCxQ,Magdalena Vergara en EmolTV,"Jul 5, 2017",900,,,,0,,,,,,,,,,,,,,,,,2,0
Yjh6DZAva5s,Cristi√°n Stewart en Biob√≠o TV: Los ni√±os que no vemos,"Apr 30, 2025",60,,,,0,,,,,,,,,,,,,,,,,49,0
Z6m7qBpSXns,"Diego Schalper en V√≠a P√∫blica, TVN 24Horas: Repercusiones tras la destituci√≥n de Beyer","Apr 18, 2013",2499,,,,0,,,,,,,,,,,,,,,,,7,0
ZBW-T_28FZ4,Fact o fake Constitucional 10: Perdida de soberan√≠a,"Dec 5, 2023",78,,,,0,,,,,,,,,,,,,,,,,2,0
_AOwWeVYaFo,"""Econom√≠a Social de Mercado en Chile: ¬øMito o Realidad?"" en TV","Oct 7, 2013",45,,,,0,,,,,,,,,,,,,,,,,9,0
_c8z-WDcnIs,Cristi√°n Stewart en EmolTV: An√°lisis de la contingencia,"Apr 2, 2025",1836,,,,0,,,,,,,,,,,,,,,,,5,0
_jAeREiv1C8,"[LA ESCUELA POL√çTICA, SESI√ìN 3: ¬øQU√â ES EL BIEN COM√öN POL√çTICO?]","Nov 2, 2022",127,,,,0,,,,,,,,,,,,,,,,,6,0
_jv4exnwtOA,Congreso de Democracia Universitaria UC 2012,"Apr 3, 2012",51,,,,0,,,,,,,,,,,,,,,,,1,0
_zQKuoX0j0I,Campa√±a II Semestre curso Ideas y Discusiones del SXXI,"Aug 6, 2015",90,,,,0,,,,,,,,,,,,,,,,,4,0
aL4kH5RbZ7I,IdeaPa√≠s y Sherif Girgis en La Moneda,"Jun 11, 2012",73,,,,0,,,,,,,,,,,,,,,,,4,0
aTLRECnRekw,"Jaime Orpis, Senador","Dec 6, 2011",39,,,,0,,,,,,,,,,,,,,,,,4,0
at0txUX8B7c,Carlos Z√°rate en Inquietos por Chile,"Oct 22, 2018",22,,,,0,,,,,,,,,,,,,,,,,37,0
bLtmTgWo1SE,Bolivia gira pol√≠ticamente: an√°lisis de Santiago Acosta en Radio Agricultura,"Oct 23, 2025",539,,,,0,,,,,,,,,,,,,,,,,27,0
c-Ya_jmRNwo,8 a√±os IdeaPa√≠s,"Apr 19, 2018",152,,,,0,,,,,,,,,,,,,,,,,2,0
c3EVEb820tQ,Amigos IdeaPa√≠s,"Sep 4, 2024",30,,,,0,,,,,,,,,,,,,,,,,14,0
c9D-VrzNzec,üá®üá¥ La tragedia repetida de Miguel Uribe Turbay: Por Santiago Acosta,"Aug 14, 2025",130,,,,0,,,,,,,,,,,,,,,,,69,0
cJeU7id2zd4,Cristi√°n Stewart en Pa√≠s ADN de @adnradio se refiere a la actualidad nacional,"Nov 17, 2025",2228,,,,0,,,,,,,,,,,,,,,,,63,0
cVLfP7Rbmk8,ProMujer - Tania C√≥rdova,"Mar 22, 2021",1001,,,,0,,,,,,,,,,,,,,,,,12,0
cj58L1Qi_xo,Sembrando Futuro: Di√°logo Chile- Argentina,"Nov 28, 2024",3497,,,,0,,,,,,,,,,,,,,,,,17,0
dRycrrg8-tE,[JOSEFINA ARAOS EN IDEAPA√çS],"Sep 9, 2022",5459,,,,0,,,,,,,,,,,,,,,,,20,0
dTevm7fXINs,cursos ideapais 2011,"Aug 9, 2011",47,,,,0,,,,,,,,,,,,,,,,,3,0
eNMJ1vza7zA,Desaf√≠os Humanos de la Econom√≠a - opinan asistentes,"May 4, 2011",17,,,,0,,,,,,,,,,,,,,,,,1,0
eOS0HRjPCyo,¬øC√≥mo hacer exigibles los derechos y/o metas sociales en una nueva Constituci√≥n?,"Nov 9, 2021",925,,,,0,,,,,,,,,,,,,,,,,3,0
eayfv_dx7sI,Pablo Valderrama e Iv√°n Suric en UCV Radio,"Oct 3, 2017",1361,,,,0,,,,,,,,,,,,,,,,,2,0
eoZ7jQkgBFw,Relaci√≥n entre Estado y libertad,"Dec 23, 2021",909,,,,0,,,,,,,,,,,,,,,,,5,0
fJQaxyZ0oTs,[MAGDALENA VERGARA EN IDEAPA√çS],"May 9, 2022",32,,,,0,,,,,,,,,,,,,,,,,30,0
fUMO8dOX9z0,"Familia y ni√±ez: claves para enfrentar la violencia. Kevin Canales, director regional IP Biob√≠o","May 12, 2025",73,,,,0,,,,,,,,,,,,,,,,,3,0
g-6P-VZ7zA8,"[TIEMPO CONSTITUCI√ìN, CAROL BOWN Y ALVIN SALDA√ëA]","Aug 8, 2022",2424,,,,0,,,,,,,,,,,,,,,,,11,0
g7-e-6eaWCo,Magdalena Vergara en TVN,"Jul 13, 2022",347,,,,0,,,,,,,,,,,,,,,,,1,0
gBpImFn7tKw,Debate Uniones de Hecho: Claudio Alvarado junto a Rolando Jim√©nez parte 1,"Jul 13, 2011",901,,,,0,,,,,,,,,,,,,,,,,3,0
gEKHgm9xO20,L√≠deres opinan de IdeaPa√≠s,"Jul 26, 2011",125,,,,0,,,,,,,,,,,,,,,,,1,0
hVDDtxqt4Gk,¬øEn qu√© te fijas para elegir un candidato? - Voces de la Calle,"Oct 18, 2012",101,,,,0,,,,,,,,,,,,,,,,,1,0
hnb4CarR7zM,IdeaPa√≠s: Rodrigo Vald√©s,"Jun 7, 2019",3851,,,,0,,,,,,,,,,,,,,,,,5,0
ht9PW54d6Po,Juan Pablo Lira analiza la contingencia pol√≠tica en CNN Chile Radio,"Aug 14, 2025",1357,,,,0,,,,,,,,,,,,,,,,,8,0
hy--RXchkTE,[PODER JUDICIAL VS SISTEMA NACIONAL DE JUSTICIA],"Jul 16, 2022",140,,,,0,,,,,,,,,,,,,,,,,1,0
iJa9v4zH-Jk,PREGUNTAS Y RESPUESTAS CON: PAULINA NU√ëEZ,"Apr 29, 2020",497,,,,0,,,,,,,,,,,,,,,,,1,0
iPWdfeE2RKI,Jorge Hagedorn en Radio Infinita (23/07/2021),"Jul 28, 2021",569,,,,0,,,,,,,,,,,,,,,,,1,0
ib8rg5e4EgU,Universidad de Los Andes - Participaci√≥n p√∫blica de j√≥venes,"May 18, 2012",128,,,,0,,,,,,,,,,,,,,,,,1,0
igpFCldYZmU,"Elecciones 2025: ¬øQu√© pasa con Matthei, Kast y el comando de Jara?","Aug 7, 2025",572,,,,0,,,,,,,,,,,,,,,,,8,0
iwMXZEIpfX0,Estados Unidos en el Foco. Trump Vs. Harris: Posibles escenarios y consecuencias para Am√©rica Latina,"Oct 30, 2024",3404,,,,0,,,,,,,,,,,,,,,,,11,0
j7DMuRO6eZ4,Magdalena Vergara en Mesa de AnaÃÅlisis T13 Noche,"Jul 10, 2024",654,,,,0,,,,,,,,,,,,,,,,,4,0
j_KYgW8KDPg,La Br√∫jula - martes 19 de marzo de 2024,"Mar 20, 2024",2503,,,,0,,,,,,,,,,,,,,,,,5,0
kBL1csrUDPc,Eugenio YanÃÉez en Cursos IdeaPa√≠s,"Sep 29, 2011",40,,,,0,,,,,,,,,,,,,,,,,1,0
kJfSCQvxl5g,Foro sobre cristianismo y poliÃÅtica en UC,"Sep 27, 2012",91,,,,0,,,,,,,,,,,,,,,,,1,0
kRwOrfQnNiI,IdeaPaiÃÅs en la comisi√≥n de Relaciones Internacionales CaÃÅmara de Diputados - Santiago Acosta,"Jul 4, 2024",2901,,,,0,,,,,,,,,,,,,,,,,2,0
khehKNOh11U,"Emilia Garc√≠a en Canal 9 Concepci√≥n, presentando la Iniciativa Popular de Norma ""Derecho al Cuidado""","Jul 5, 2023",844,,,,0,,,,,,,,,,,,,,,,,1,0
kiYXRyDmw28,üöÄ ¬°Revisa lo que fue el lanzamiento del libro ‚ÄúGonzalo Vial: pol√≠tica y crisis social‚Äù!,"Jan 31, 2024",116,,,,0,,,,,,,,,,,,,,,,,7,0
kknkg_G_6iQ,"[LA ESCUELA POL√çTICA, SESI√ìN 5: FORMAS ELEMENTALES DE JUSTICIA]","Nov 2, 2022",102,,,,0,,,,,,,,,,,,,,,,,5,0
kmVWk-JkwoQ,"""Cultura, Medios y Responsabilidad Social"" - Alberto L√≥pez Hermida","May 13, 2011",41,,,,0,,,,,,,,,,,,,,,,,1,0
lFsMbhhepW8,El D√≠a despu√©s: Un an√°lisis post-plebiscito / IdeaPais,"Dec 18, 2023",5677,,,,0,,,,,,,,,,,,,,,,,7,0
lW7XV2YRDYI,El Rol de la Derecha en el nuevo ciclo pol√≠tico,"Mar 26, 2021",5180,,,,0,,,,,,,,,,,,,,,,,1,0
lfymV3GsRTw,Lanzamiento de la re-edici√≥n del libro Cuestiones obreras,"Dec 2, 2021",3660,,,,0,,,,,,,,,,,,,,,,,14,0
ltDwSJVPPZw,Emilia Garc√≠a analiza el voto extranjero y de inmigrantes en Chile | T13 Radio,"Jul 29, 2025",2785,,,,0,,,,,,,,,,,,,,,,,19,0
mADxJLYAlzU,Autoridades saludan a IdeaPa√≠s en sus 5 a√±os,"Nov 18, 2015",133,,,,0,,,,,,,,,,,,,,,,,3,0
mfHQW-EWRFQ,Exposici√≥n Diego Schalper en lanzamiento 7¬∫ encuesta INJUV,"Aug 30, 2013",517,,,,0,,,,,,,,,,,,,,,,,3,0
mqF4X9yqH2s,Debate Diego Schalper y Luis Larra√≠n sobre Uniones de Hecho parte 3,"Jul 14, 2011",150,,,,0,,,,,,,,,,,,,,,,,1,0
nfG5sL4fkAI,"Presentaci√≥n IPN ""Por un Estado sin pitutos""","Jul 25, 2023",64,,,,0,,,,,,,,,,,,,,,,,1,0
nmFy4nOPf08,Elecciones de constituyentes al pizarr√≥n,"Feb 10, 2021",332,,,,0,,,,,,,,,,,,,,,,,1,0
nzyB1mVmn48,Presentaci√≥n libro Patrick Deneen en Chile,"Jun 10, 2019",62,,,,0,,,,,,,,,,,,,,,,,2,0
o7XM3Jv5W8E,"Claudio Alvarado en Nuevas Voces, de CNN Chile.","Dec 24, 2012",473,,,,0,,,,,,,,,,,,,,,,,12,0
oN6_iicLE0c,Magdalena Vergara  en CNN Chile,"Jul 5, 2017",103,,,,0,,,,,,,,,,,,,,,,,20,0
oW7vvjCp9D0,Cierre Academia IdeaPa√≠s,"Jul 5, 2017",61,,,,0,,,,,,,,,,,,,,,,,2,0
o_Kpm7cTGB4,Emilia Garc√≠a en ‚ÄúVoces del Poder‚Äù- CNN Chile Radio,"Apr 11, 2025",1597,,,,0,,,,,,,,,,,,,,,,,16,0
okoPQxb3dgE,Am√©rica Castillo - Mesa de An√°lisis T13Noche sobre el voto obligatorio y su conveniencia pol√≠tica,"Sep 4, 2025",629,,,,0,,,,,,,,,,,,,,,,,5,0
p3zcmfg8Q1o,IdeaPa√≠s | Diferentes ideas para una nueva constituci√≥n,"Dec 24, 2020",4441,,,,0,,,,,,,,,,,,,,,,,3,0
p5_WZ4MGeDo,"Agenda Nacional CNN ""Uniones de hecho"" parte 1","Jul 11, 2011",887,,,,0,,,,,,,,,,,,,,,,,5,0
pGKXYlksUx8,Curso de Pol√≠tica y Sociedad - Kalynska Carrasco,"May 19, 2011",38,,,,0,,,,,,,,,,,,,,,,,3,0
pQOLnxjASz8,Congreso de L√≠deres Secundarios - Valpara√≠so y Vi√±a del Mar,"Nov 8, 2017",47,,,,0,,,,,,,,,,,,,,,,,1,0
pUfVk32to5o,Antonio Correa en el Senado,"Nov 29, 2017",568,,,,0,,,,,,,,,,,,,,,,,4,0
pnOLQH2Owxo,"Curso ""Cultura, Medios y Responsabilidad Social""","May 6, 2011",51,,,,0,,,,,,,,,,,,,,,,,1,0
pnVveNw7xTY,Ley Antidiscriminaci√≥n - Debate en U.Chile,"Apr 11, 2012",114,,,,0,,,,,,,,,,,,,,,,,5,0
px2Z2_rTc60,"Corresponsabilidad y Cuidados, 2do panel Congreso de Pensamiento: Hablemos de la Familia.","Oct 25, 2023",4202,,,,0,,,,,,,,,,,,,,,,,2,0
q2GB2UmwAfc,Mat√≠as Domeyko en Radio El Conquistador Los Lagos,"Jul 8, 2024",2730,,,,0,,,,,,,,,,,,,,,,,4,0
r7xySa16Ew0,"SINTESIS PODCAST [Cap 2] Educaci√≥n en Chile ""Mitos y Realidades""","Feb 8, 2023",1648,,,,0,,,,,,,,,,,,,,,,,1,0
rSdITTNpcEo,10 a√±os IdeaPa√≠s,"Sep 24, 2020",154,,,,0,,,,,,,,,,,,,,,,,2,0
rfKnXA0rI28,Lanzamiento ll¬∞ edici√≥n Gonzalo Vial Correa: Pol√≠tica y Crisis Social,"Jan 11, 2024",5697,,,,0,,,,,,,,,,,,,,,,,7,0
rhfkrFdPiQg,Am√©rica Castillo - Mesa de An√°lisis T13Noche sobre el fallo del Tricel y las campa√±as presidenciales,"Sep 24, 2025",564,,,,0,,,,,,,,,,,,,,,,,11,0
roW-fPixHh0,Am√©rica Castillo analiza migraci√≥n y debate fiscal en Mesa Central de T13,"Oct 3, 2025",529,,,,0,,,,,,,,,,,,,,,,,12,0
sF_8P32amQY,Am√©rica Castillo en Mesa de AnaÃÅlisis en @T13_cl Noche sobre las candidaturas presidenciales,"Aug 25, 2025",549,,,,0,,,,,,,,,,,,,,,,,8,0
sFoRjRy9IE8,Emilia Garc√≠a en Radio ADN: ¬øQu√© esperar del Papa Le√≥n XIV?,"May 13, 2025",3003,,,,0,,,,,,,,,,,,,,,,,13,0
sIuX5AqtlTk,La Br√∫jula - martes 26 de marzo de 2024,"Mar 27, 2024",3042,,,,0,,,,,,,,,,,,,,,,,7,0
sTKcqv4fhbw,Testimonio Embarazo Vulnerable #NoLleguemosTarde #PorElla,"Nov 4, 2014",121,,,,0,,,,,,,,,,,,,,,,,6,0
sXxJxncCkfw,"Magdalena Vergara junto a Ivan Valenzuela,  conversando sobre el desaf√≠o respecto a la seguridad","Aug 19, 2024",730,,,,0,,,,,,,,,,,,,,,,,1,0
s_7r14ZCUCw,Eduardo Valenzuela,"Sep 28, 2011",99,,,,0,,,,,,,,,,,,,,,,,11,0
sfaX-vhCy9E,¬øQu√© puntos considerar para una correcta descentralizaci√≥n?,"Jan 2, 2020",65,,,,0,,,,,,,,,,,,,,,,,2,0
skq5cKOWkL0,IdeaPa√≠s - Chilean leaders training center,"Sep 3, 2012",155,,,,0,,,,,,,,,,,,,,,,,2,0
t2OLPkd_6Q8,IdeaPa√≠s expone en la Comisi√≥n de Constituci√≥n sobre la reforma al sistema pol√≠tico,"Jul 3, 2025",1104,,,,0,,,,,,,,,,,,,,,,,4,0
tFlho0OKFCg,Ley Antidiscriminaci√≥n - Debate en UC,"Jun 27, 2012",150,,,,0,,,,,,,,,,,,,,,,,6,0
tPYDypN4Yws,Ley Antidiscriminaci√≥n - Debate en Universidad Pedro de Valdivia,"Jun 13, 2012",142,,,,0,,,,,,,,,,,,,,,,,5,0
tQ3oMUByhYI,Encuentro Program√°tico Universitario Biob√≠o,"May 20, 2025",69,,,,0,,,,,,,,,,,,,,,,,18,0
tghp_WKI7wA,"Diego Schalper, Entrevista ICARE Channel - ENADE 2012","Dec 20, 2012",594,,,,0,,,,,,,,,,,,,,,,,6,0
tz4Osknlls0,Cristi√°n Stewart comenta sobre la contingencia en Emol TV,"Aug 2, 2024",1776,,,,0,,,,,,,,,,,,,,,,,1,0
uyml2JEAp5Q,Joaqu√≠n Garc√≠a Huidobro en Cursos IdeaPa√≠s,"Apr 4, 2012",43,,,,0,,,,,,,,,,,,,,,,,26,0
v4BnqpFIBTs,Emilia Garc√≠a en CNN Chile Radio,"Mar 27, 2025",1544,,,,0,,,,,,,,,,,,,,,,,3,0
v4aG7g3z20M,Tensi√≥n entre Israel e Ir√°n: An√°lisis y postura de Chil,"Jun 26, 2025",74,,,,0,,,,,,,,,,,,,,,,,65,0
vBarzM8Qzfw,Ciclo de Feminismo - Gabriela Caviedes,"Apr 27, 2022",5836,,,,0,,,,,,,,,,,,,,,,,12,0
vIp7m7V-87E,"Elijo 2023 ""Encuentro de L√≠deres J√≥venes"" en Sextavisi√≥n TV","Jun 20, 2023",183,,,,0,,,,,,,,,,,,,,,,,2,0
vKGyYXzZL4I,Resumen Primer Semestre 2017,"Jul 21, 2017",89,,,,0,,,,,,,,,,,,,,,,,1,0
vPgp6YJ32pg,Campamentos en la Regi√≥n de O‚ÄôHiggins: una realidad urgente,"Jun 23, 2025",61,,,,0,,,,,,,,,,,,,,,,,29,0
wIND1Gd8Tdg,Pablo Valderrama habla del sistema de justicia chileno en Radio Bio Bio,"Nov 23, 2021",4485,,,,0,,,,,,,,,,,,,,,,,1,0
wJrhi2CUjS0,Premios Global Shapers 2011,"Mar 3, 2012",63,,,,0,,,,,,,,,,,,,,,,,1,0
wM8DcpfVmWk,¬øCrisis en La Moneda?: Emilia Garc√≠a analiza la situaci√≥n en CNN Chile Radio,"Jun 5, 2025",1627,,,,0,,,,,,,,,,,,,,,,,6,0
wVZ4dFroEwI,IdeaPa√≠s: 1¬∫ Congreso Desarrollo Humano para Chile,"Apr 15, 2011",30,,,,0,,,,,,,,,,,,,,,,,1,0
wYTNXRwlfL8,Descentralizaci√≥n para un Estado solidario - Sebasti√°n Boegel,"Sep 15, 2020",102,,,,0,,,,,,,,,,,,,,,,,4,0
x7Pc6N_9zCk,Seguridad y conflicto entre Toh√° y Jara: Francisca Figueroa analiza en T13 Noche,"Jun 6, 2025",576,,,,0,,,,,,,,,,,,,,,,,9,0
xEZJ0_ivVms,29 de julio de 2025,"Jul 29, 2025",25,,,,0,,,,,,,,,,,,,,,,,25,0
xYKy0fV2noI,"El director ejecutivo de IdeaPa√≠s, Cristian Stewart, en Radio Pauta sobre contingencia pol√≠tica","Sep 11, 2025",1035,,,,0,,,,,,,,,,,,,,,,,29,0
xk47Fs9MU-Q,Fact o fake Constitucional 6: Narcotr√°fico,"Nov 25, 2023",84,,,,0,,,,,,,,,,,,,,,,,1,0
y1zps6UmJjk,"Torneo Interescolar de Debate ""Tide IP""","Sep 3, 2024",119,,,,0,,,,,,,,,,,,,,,,,4,0
yTjzrVjZw88,"Agenda Nacional CNN ""Uniones de hecho"" parte 2","Jul 11, 2011",859,,,,0,,,,,,,,,,,,,,,,,3,0
yXyp1RzxXiE,Lanzamiento Constituci√≥n Solidaria,"Jun 8, 2021",3970,,,,0,,,,,,,,,,,,,,,,,2,0
yq8mUcdATDc,Dar√≠o Contreras de Disco Sopa Chile,"Aug 3, 2016",96,,,,0,,,,,,,,,,,,,,,,,4,0
yrOwM5yQeTg,"Curso de Cultura, Medios y Responsabilidad Social - Joaqu√≠n Hormazabal","May 19, 2011",37,,,,0,,,,,,,,,,,,,,,,,2,0
z-x8dDIaS6E,Pablo Valderrama en Seminario Socialcristianismo en Chile,"Jun 5, 2018",1097,,,,0,,,,,,,,,,,,,,,,,2,0
z1B9VwWunX8,"Primarias, candidatos y actualidad pol√≠tica: Am√©rica Castillo en Teletrece Noche","Jun 27, 2025",605,,,,0,,,,,,,,,,,,,,,,,3,0
z7bRMaBbbSE,IdeaPa√≠s en los medios,"Oct 2, 2013",187,,,,0,,,,,,,,,,,,,,,,,3,0
znzCwgRnyg0,Eugenio Y√°√±ez en Cursos IdeaPa√≠s,"Jul 11, 2012",30,,,,0,,,,,,,,,,,,,,,,,4,0
zseIfAR0CwQ,"Apoyos, renuncias y acusaciones: Emilia Garc√≠a en CNN Radio analiza la contingencia pol√≠tica","Aug 8, 2025",1401,,,,0,,,,,,,,,,,,,,,,,6,0
