Fecha,Contenido,T√≠tulo del video,Tiempo de publicaci√≥n del video,Duraci√≥n,Porcentaje promedio reproducido (%)
2026-01-01,7QBJkNuUXic,Cristi√°n Stewart en el lanzamiento de ‚ÄúPol√≠tica Migratoria para el Chile que viene‚Äù,"Aug 21, 2025",57,0
2026-01-02,7QBJkNuUXic,Cristi√°n Stewart en el lanzamiento de ‚ÄúPol√≠tica Migratoria para el Chile que viene‚Äù,"Aug 21, 2025",57,0
2026-01-03,7QBJkNuUXic,Cristi√°n Stewart en el lanzamiento de ‚ÄúPol√≠tica Migratoria para el Chile que viene‚Äù,"Aug 21, 2025",57,0
2026-01-04,7QBJkNuUXic,Cristi√°n Stewart en el lanzamiento de ‚ÄúPol√≠tica Migratoria para el Chile que viene‚Äù,"Aug 21, 2025",57,0
2026-01-05,7QBJkNuUXic,Cristi√°n Stewart en el lanzamiento de ‚ÄúPol√≠tica Migratoria para el Chile que viene‚Äù,"Aug 21, 2025",57,0
2026-01-06,7QBJkNuUXic,Cristi√°n Stewart en el lanzamiento de ‚ÄúPol√≠tica Migratoria para el Chile que viene‚Äù,"Aug 21, 2025",57,56.73
2026-01-07,7QBJkNuUXic,Cristi√°n Stewart en el lanzamiento de ‚ÄúPol√≠tica Migratoria para el Chile que viene‚Äù,"Aug 21, 2025",57,0
2026-01-08,7QBJkNuUXic,Cristi√°n Stewart en el lanzamiento de ‚ÄúPol√≠tica Migratoria para el Chile que viene‚Äù,"Aug 21, 2025",57,0
2026-01-09,7QBJkNuUXic,Cristi√°n Stewart en el lanzamiento de ‚ÄúPol√≠tica Migratoria para el Chile que viene‚Äù,"Aug 21, 2025",57,0
2026-01-10,7QBJkNuUXic,Cristi√°n Stewart en el lanzamiento de ‚ÄúPol√≠tica Migratoria para el Chile que viene‚Äù,"Aug 21, 2025",57,0
2026-01-11,7QBJkNuUXic,Cristi√°n Stewart en el lanzamiento de ‚ÄúPol√≠tica Migratoria para el Chile que viene‚Äù,"Aug 21, 2025",57,0
2026-01-12,7QBJkNuUXic,Cristi√°n Stewart en el lanzamiento de ‚ÄúPol√≠tica Migratoria para el Chile que viene‚Äù,"Aug 21, 2025",57,0
2026-01-13,7QBJkNuUXic,Cristi√°n Stewart en el lanzamiento de ‚ÄúPol√≠tica Migratoria para el Chile que viene‚Äù,"Aug 21, 2025",57,0
2026-01-14,7QBJkNuUXic,Cristi√°n Stewart en el lanzamiento de ‚ÄúPol√≠tica Migratoria para el Chile que viene‚Äù,"Aug 21, 2025",57,0
2026-01-15,7QBJkNuUXic,Cristi√°n Stewart en el lanzamiento de ‚ÄúPol√≠tica Migratoria para el Chile que viene‚Äù,"Aug 21, 2025",57,0
2026-01-16,7QBJkNuUXic,Cristi√°n Stewart en el lanzamiento de ‚ÄúPol√≠tica Migratoria para el Chile que viene‚Äù,"Aug 21, 2025",57,0
2026-01-17,7QBJkNuUXic,Cristi√°n Stewart en el lanzamiento de ‚ÄúPol√≠tica Migratoria para el Chile que viene‚Äù,"Aug 21, 2025",57,0
2026-01-18,7QBJkNuUXic,Cristi√°n Stewart en el lanzamiento de ‚ÄúPol√≠tica Migratoria para el Chile que viene‚Äù,"Aug 21, 2025",57,20.77
2026-01-19,7QBJkNuUXic,Cristi√°n Stewart en el lanzamiento de ‚ÄúPol√≠tica Migratoria para el Chile que viene‚Äù,"Aug 21, 2025",57,0
2026-01-20,7QBJkNuUXic,Cristi√°n Stewart en el lanzamiento de ‚ÄúPol√≠tica Migratoria para el Chile que viene‚Äù,"Aug 21, 2025",57,0
2026-01-21,7QBJkNuUXic,Cristi√°n Stewart en el lanzamiento de ‚ÄúPol√≠tica Migratoria para el Chile que viene‚Äù,"Aug 21, 2025",57,0
2026-01-22,7QBJkNuUXic,Cristi√°n Stewart en el lanzamiento de ‚ÄúPol√≠tica Migratoria para el Chile que viene‚Äù,"Aug 21, 2025",57,0
2026-01-23,7QBJkNuUXic,Cristi√°n Stewart en el lanzamiento de ‚ÄúPol√≠tica Migratoria para el Chile que viene‚Äù,"Aug 21, 2025",57,0
2026-01-24,7QBJkNuUXic,Cristi√°n Stewart en el lanzamiento de ‚ÄúPol√≠tica Migratoria para el Chile que viene‚Äù,"Aug 21, 2025",57,0
2026-01-25,7QBJkNuUXic,Cristi√°n Stewart en el lanzamiento de ‚ÄúPol√≠tica Migratoria para el Chile que viene‚Äù,"Aug 21, 2025",57,0
2026-01-26,7QBJkNuUXic,Cristi√°n Stewart en el lanzamiento de ‚ÄúPol√≠tica Migratoria para el Chile que viene‚Äù,"Aug 21, 2025",57,101.4
2026-01-27,7QBJkNuUXic,Cristi√°n Stewart en el lanzamiento de ‚ÄúPol√≠tica Migratoria para el Chile que viene‚Äù,"Aug 21, 2025",57,0
2026-01-28,7QBJkNuUXic,Cristi√°n Stewart en el lanzamiento de ‚ÄúPol√≠tica Migratoria para el Chile que viene‚Äù,"Aug 21, 2025",57,0
2026-01-29,7QBJkNuUXic,Cristi√°n Stewart en el lanzamiento de ‚ÄúPol√≠tica Migratoria para el Chile que viene‚Äù,"Aug 21, 2025",57,0
2026-01-30,7QBJkNuUXic,Cristi√°n Stewart en el lanzamiento de ‚ÄúPol√≠tica Migratoria para el Chile que viene‚Äù,"Aug 21, 2025",57,0
2026-01-31,7QBJkNuUXic,Cristi√°n Stewart en el lanzamiento de ‚ÄúPol√≠tica Migratoria para el Chile que viene‚Äù,"Aug 21, 2025",57,0
2026-01-01,BYg2FOIMO2w,¬øAdi√≥s a la UF? Juan Pablo Lira explica por qu√© no es tan simple,"Jul 24, 2025",78,0
2026-01-02,BYg2FOIMO2w,¬øAdi√≥s a la UF? Juan Pablo Lira explica por qu√© no es tan simple,"Jul 24, 2025",78,0
2026-01-03,BYg2FOIMO2w,¬øAdi√≥s a la UF? Juan Pablo Lira explica por qu√© no es tan simple,"Jul 24, 2025",78,0
2026-01-04,BYg2FOIMO2w,¬øAdi√≥s a la UF? Juan Pablo Lira explica por qu√© no es tan simple,"Jul 24, 2025",78,0
2026-01-05,BYg2FOIMO2w,¬øAdi√≥s a la UF? Juan Pablo Lira explica por qu√© no es tan simple,"Jul 24, 2025",78,0
2026-01-06,BYg2FOIMO2w,¬øAdi√≥s a la UF? Juan Pablo Lira explica por qu√© no es tan simple,"Jul 24, 2025",78,0
2026-01-07,BYg2FOIMO2w,¬øAdi√≥s a la UF? Juan Pablo Lira explica por qu√© no es tan simple,"Jul 24, 2025",78,0
2026-01-08,BYg2FOIMO2w,¬øAdi√≥s a la UF? Juan Pablo Lira explica por qu√© no es tan simple,"Jul 24, 2025",78,0
2026-01-09,BYg2FOIMO2w,¬øAdi√≥s a la UF? Juan Pablo Lira explica por qu√© no es tan simple,"Jul 24, 2025",78,0
2026-01-10,BYg2FOIMO2w,¬øAdi√≥s a la UF? Juan Pablo Lira explica por qu√© no es tan simple,"Jul 24, 2025",78,0
2026-01-11,BYg2FOIMO2w,¬øAdi√≥s a la UF? Juan Pablo Lira explica por qu√© no es tan simple,"Jul 24, 2025",78,0
2026-01-12,BYg2FOIMO2w,¬øAdi√≥s a la UF? Juan Pablo Lira explica por qu√© no es tan simple,"Jul 24, 2025",78,0
2026-01-13,BYg2FOIMO2w,¬øAdi√≥s a la UF? Juan Pablo Lira explica por qu√© no es tan simple,"Jul 24, 2025",78,0
2026-01-14,BYg2FOIMO2w,¬øAdi√≥s a la UF? Juan Pablo Lira explica por qu√© no es tan simple,"Jul 24, 2025",78,0
2026-01-15,BYg2FOIMO2w,¬øAdi√≥s a la UF? Juan Pablo Lira explica por qu√© no es tan simple,"Jul 24, 2025",78,0
2026-01-16,BYg2FOIMO2w,¬øAdi√≥s a la UF? Juan Pablo Lira explica por qu√© no es tan simple,"Jul 24, 2025",78,0
2026-01-17,BYg2FOIMO2w,¬øAdi√≥s a la UF? Juan Pablo Lira explica por qu√© no es tan simple,"Jul 24, 2025",78,0
2026-01-18,BYg2FOIMO2w,¬øAdi√≥s a la UF? Juan Pablo Lira explica por qu√© no es tan simple,"Jul 24, 2025",78,0
2026-01-19,BYg2FOIMO2w,¬øAdi√≥s a la UF? Juan Pablo Lira explica por qu√© no es tan simple,"Jul 24, 2025",78,0
2026-01-20,BYg2FOIMO2w,¬øAdi√≥s a la UF? Juan Pablo Lira explica por qu√© no es tan simple,"Jul 24, 2025",78,
2026-01-21,BYg2FOIMO2w,¬øAdi√≥s a la UF? Juan Pablo Lira explica por qu√© no es tan simple,"Jul 24, 2025",78,0
2026-01-22,BYg2FOIMO2w,¬øAdi√≥s a la UF? Juan Pablo Lira explica por qu√© no es tan simple,"Jul 24, 2025",78,0
2026-01-23,BYg2FOIMO2w,¬øAdi√≥s a la UF? Juan Pablo Lira explica por qu√© no es tan simple,"Jul 24, 2025",78,0
2026-01-24,BYg2FOIMO2w,¬øAdi√≥s a la UF? Juan Pablo Lira explica por qu√© no es tan simple,"Jul 24, 2025",78,0
2026-01-25,BYg2FOIMO2w,¬øAdi√≥s a la UF? Juan Pablo Lira explica por qu√© no es tan simple,"Jul 24, 2025",78,0
2026-01-26,BYg2FOIMO2w,¬øAdi√≥s a la UF? Juan Pablo Lira explica por qu√© no es tan simple,"Jul 24, 2025",78,49.41
2026-01-27,BYg2FOIMO2w,¬øAdi√≥s a la UF? Juan Pablo Lira explica por qu√© no es tan simple,"Jul 24, 2025",78,0
2026-01-28,BYg2FOIMO2w,¬øAdi√≥s a la UF? Juan Pablo Lira explica por qu√© no es tan simple,"Jul 24, 2025",78,0
2026-01-29,BYg2FOIMO2w,¬øAdi√≥s a la UF? Juan Pablo Lira explica por qu√© no es tan simple,"Jul 24, 2025",78,0
2026-01-30,BYg2FOIMO2w,¬øAdi√≥s a la UF? Juan Pablo Lira explica por qu√© no es tan simple,"Jul 24, 2025",78,0
2026-01-31,BYg2FOIMO2w,¬øAdi√≥s a la UF? Juan Pablo Lira explica por qu√© no es tan simple,"Jul 24, 2025",78,0
2026-01-01,sadkExDqBNI,Podcast Sonido P√∫blico: Javi Rodr√≠guez- Apoyo de la familia,"May 8, 2025",47,0
2026-01-02,sadkExDqBNI,Podcast Sonido P√∫blico: Javi Rodr√≠guez- Apoyo de la familia,"May 8, 2025",47,0
2026-01-03,sadkExDqBNI,Podcast Sonido P√∫blico: Javi Rodr√≠guez- Apoyo de la familia,"May 8, 2025",47,0
2026-01-04,sadkExDqBNI,Podcast Sonido P√∫blico: Javi Rodr√≠guez- Apoyo de la familia,"May 8, 2025",47,0
2026-01-05,sadkExDqBNI,Podcast Sonido P√∫blico: Javi Rodr√≠guez- Apoyo de la familia,"May 8, 2025",47,0
2026-01-06,sadkExDqBNI,Podcast Sonido P√∫blico: Javi Rodr√≠guez- Apoyo de la familia,"May 8, 2025",47,0
2026-01-07,sadkExDqBNI,Podcast Sonido P√∫blico: Javi Rodr√≠guez- Apoyo de la familia,"May 8, 2025",47,0
2026-01-08,sadkExDqBNI,Podcast Sonido P√∫blico: Javi Rodr√≠guez- Apoyo de la familia,"May 8, 2025",47,0
2026-01-09,sadkExDqBNI,Podcast Sonido P√∫blico: Javi Rodr√≠guez- Apoyo de la familia,"May 8, 2025",47,0
2026-01-10,sadkExDqBNI,Podcast Sonido P√∫blico: Javi Rodr√≠guez- Apoyo de la familia,"May 8, 2025",47,0
2026-01-11,sadkExDqBNI,Podcast Sonido P√∫blico: Javi Rodr√≠guez- Apoyo de la familia,"May 8, 2025",47,0
2026-01-12,sadkExDqBNI,Podcast Sonido P√∫blico: Javi Rodr√≠guez- Apoyo de la familia,"May 8, 2025",47,0
2026-01-13,sadkExDqBNI,Podcast Sonido P√∫blico: Javi Rodr√≠guez- Apoyo de la familia,"May 8, 2025",47,0
2026-01-14,sadkExDqBNI,Podcast Sonido P√∫blico: Javi Rodr√≠guez- Apoyo de la familia,"May 8, 2025",47,0
2026-01-15,sadkExDqBNI,Podcast Sonido P√∫blico: Javi Rodr√≠guez- Apoyo de la familia,"May 8, 2025",47,0
2026-01-16,sadkExDqBNI,Podcast Sonido P√∫blico: Javi Rodr√≠guez- Apoyo de la familia,"May 8, 2025",47,0
2026-01-17,sadkExDqBNI,Podcast Sonido P√∫blico: Javi Rodr√≠guez- Apoyo de la familia,"May 8, 2025",47,0
2026-01-18,sadkExDqBNI,Podcast Sonido P√∫blico: Javi Rodr√≠guez- Apoyo de la familia,"May 8, 2025",47,0
2026-01-19,sadkExDqBNI,Podcast Sonido P√∫blico: Javi Rodr√≠guez- Apoyo de la familia,"May 8, 2025",47,0
2026-01-20,sadkExDqBNI,Podcast Sonido P√∫blico: Javi Rodr√≠guez- Apoyo de la familia,"May 8, 2025",47,0
2026-01-21,sadkExDqBNI,Podcast Sonido P√∫blico: Javi Rodr√≠guez- Apoyo de la familia,"May 8, 2025",47,0
2026-01-22,sadkExDqBNI,Podcast Sonido P√∫blico: Javi Rodr√≠guez- Apoyo de la familia,"May 8, 2025",47,0
2026-01-23,sadkExDqBNI,Podcast Sonido P√∫blico: Javi Rodr√≠guez- Apoyo de la familia,"May 8, 2025",47,0
2026-01-24,sadkExDqBNI,Podcast Sonido P√∫blico: Javi Rodr√≠guez- Apoyo de la familia,"May 8, 2025",47,52.98
2026-01-25,sadkExDqBNI,Podcast Sonido P√∫blico: Javi Rodr√≠guez- Apoyo de la familia,"May 8, 2025",47,0
2026-01-26,sadkExDqBNI,Podcast Sonido P√∫blico: Javi Rodr√≠guez- Apoyo de la familia,"May 8, 2025",47,0
2026-01-27,sadkExDqBNI,Podcast Sonido P√∫blico: Javi Rodr√≠guez- Apoyo de la familia,"May 8, 2025",47,0
2026-01-28,sadkExDqBNI,Podcast Sonido P√∫blico: Javi Rodr√≠guez- Apoyo de la familia,"May 8, 2025",47,0
2026-01-29,sadkExDqBNI,Podcast Sonido P√∫blico: Javi Rodr√≠guez- Apoyo de la familia,"May 8, 2025",47,0
2026-01-30,sadkExDqBNI,Podcast Sonido P√∫blico: Javi Rodr√≠guez- Apoyo de la familia,"May 8, 2025",47,0
2026-01-31,sadkExDqBNI,Podcast Sonido P√∫blico: Javi Rodr√≠guez- Apoyo de la familia,"May 8, 2025",47,0
2026-01-01,v4aG7g3z20M,Tensi√≥n entre Israel e Ir√°n: An√°lisis y postura de Chil,"Jun 26, 2025",74,36.84
2026-01-02,v4aG7g3z20M,Tensi√≥n entre Israel e Ir√°n: An√°lisis y postura de Chil,"Jun 26, 2025",74,16.07
2026-01-03,v4aG7g3z20M,Tensi√≥n entre Israel e Ir√°n: An√°lisis y postura de Chil,"Jun 26, 2025",74,2.8
2026-01-04,v4aG7g3z20M,Tensi√≥n entre Israel e Ir√°n: An√°lisis y postura de Chil,"Jun 26, 2025",74,0
2026-01-05,v4aG7g3z20M,Tensi√≥n entre Israel e Ir√°n: An√°lisis y postura de Chil,"Jun 26, 2025",74,0
2026-01-06,v4aG7g3z20M,Tensi√≥n entre Israel e Ir√°n: An√°lisis y postura de Chil,"Jun 26, 2025",74,0
2026-01-07,v4aG7g3z20M,Tensi√≥n entre Israel e Ir√°n: An√°lisis y postura de Chil,"Jun 26, 2025",74,0
2026-01-08,v4aG7g3z20M,Tensi√≥n entre Israel e Ir√°n: An√°lisis y postura de Chil,"Jun 26, 2025",74,0
2026-01-09,v4aG7g3z20M,Tensi√≥n entre Israel e Ir√°n: An√°lisis y postura de Chil,"Jun 26, 2025",74,0
2026-01-10,v4aG7g3z20M,Tensi√≥n entre Israel e Ir√°n: An√°lisis y postura de Chil,"Jun 26, 2025",74,100
2026-01-11,v4aG7g3z20M,Tensi√≥n entre Israel e Ir√°n: An√°lisis y postura de Chil,"Jun 26, 2025",74,0
2026-01-12,v4aG7g3z20M,Tensi√≥n entre Israel e Ir√°n: An√°lisis y postura de Chil,"Jun 26, 2025",74,0
2026-01-13,v4aG7g3z20M,Tensi√≥n entre Israel e Ir√°n: An√°lisis y postura de Chil,"Jun 26, 2025",74,0
2026-01-14,v4aG7g3z20M,Tensi√≥n entre Israel e Ir√°n: An√°lisis y postura de Chil,"Jun 26, 2025",74,
2026-01-15,v4aG7g3z20M,Tensi√≥n entre Israel e Ir√°n: An√°lisis y postura de Chil,"Jun 26, 2025",74,0
2026-01-16,v4aG7g3z20M,Tensi√≥n entre Israel e Ir√°n: An√°lisis y postura de Chil,"Jun 26, 2025",74,0
2026-01-17,v4aG7g3z20M,Tensi√≥n entre Israel e Ir√°n: An√°lisis y postura de Chil,"Jun 26, 2025",74,0
2026-01-18,v4aG7g3z20M,Tensi√≥n entre Israel e Ir√°n: An√°lisis y postura de Chil,"Jun 26, 2025",74,0
2026-01-19,v4aG7g3z20M,Tensi√≥n entre Israel e Ir√°n: An√°lisis y postura de Chil,"Jun 26, 2025",74,0
2026-01-20,v4aG7g3z20M,Tensi√≥n entre Israel e Ir√°n: An√°lisis y postura de Chil,"Jun 26, 2025",74,0
2026-01-21,v4aG7g3z20M,Tensi√≥n entre Israel e Ir√°n: An√°lisis y postura de Chil,"Jun 26, 2025",74,0
2026-01-22,v4aG7g3z20M,Tensi√≥n entre Israel e Ir√°n: An√°lisis y postura de Chil,"Jun 26, 2025",74,0
2026-01-23,v4aG7g3z20M,Tensi√≥n entre Israel e Ir√°n: An√°lisis y postura de Chil,"Jun 26, 2025",74,0
2026-01-24,v4aG7g3z20M,Tensi√≥n entre Israel e Ir√°n: An√°lisis y postura de Chil,"Jun 26, 2025",74,0
2026-01-25,v4aG7g3z20M,Tensi√≥n entre Israel e Ir√°n: An√°lisis y postura de Chil,"Jun 26, 2025",74,0
2026-01-26,v4aG7g3z20M,Tensi√≥n entre Israel e Ir√°n: An√°lisis y postura de Chil,"Jun 26, 2025",74,0
2026-01-27,v4aG7g3z20M,Tensi√≥n entre Israel e Ir√°n: An√°lisis y postura de Chil,"Jun 26, 2025",74,0
2026-01-28,v4aG7g3z20M,Tensi√≥n entre Israel e Ir√°n: An√°lisis y postura de Chil,"Jun 26, 2025",74,0
2026-01-29,v4aG7g3z20M,Tensi√≥n entre Israel e Ir√°n: An√°lisis y postura de Chil,"Jun 26, 2025",74,0
2026-01-30,v4aG7g3z20M,Tensi√≥n entre Israel e Ir√°n: An√°lisis y postura de Chil,"Jun 26, 2025",74,0
2026-01-31,v4aG7g3z20M,Tensi√≥n entre Israel e Ir√°n: An√°lisis y postura de Chil,"Jun 26, 2025",74,0
2026-01-01,wTxu723zaLo,Esta noche: nuevo cap√≠tulo del podcast con Sebasti√°n Puga üéß,"Jul 23, 2025",31,0
2026-01-02,wTxu723zaLo,Esta noche: nuevo cap√≠tulo del podcast con Sebasti√°n Puga üéß,"Jul 23, 2025",31,0
2026-01-03,wTxu723zaLo,Esta noche: nuevo cap√≠tulo del podcast con Sebasti√°n Puga üéß,"Jul 23, 2025",31,0
2026-01-04,wTxu723zaLo,Esta noche: nuevo cap√≠tulo del podcast con Sebasti√°n Puga üéß,"Jul 23, 2025",31,0
2026-01-05,wTxu723zaLo,Esta noche: nuevo cap√≠tulo del podcast con Sebasti√°n Puga üéß,"Jul 23, 2025",31,0
2026-01-06,wTxu723zaLo,Esta noche: nuevo cap√≠tulo del podcast con Sebasti√°n Puga üéß,"Jul 23, 2025",31,0
2026-01-07,wTxu723zaLo,Esta noche: nuevo cap√≠tulo del podcast con Sebasti√°n Puga üéß,"Jul 23, 2025",31,0
2026-01-08,wTxu723zaLo,Esta noche: nuevo cap√≠tulo del podcast con Sebasti√°n Puga üéß,"Jul 23, 2025",31,77.81
2026-01-09,wTxu723zaLo,Esta noche: nuevo cap√≠tulo del podcast con Sebasti√°n Puga üéß,"Jul 23, 2025",31,0
2026-01-10,wTxu723zaLo,Esta noche: nuevo cap√≠tulo del podcast con Sebasti√°n Puga üéß,"Jul 23, 2025",31,0
2026-01-11,wTxu723zaLo,Esta noche: nuevo cap√≠tulo del podcast con Sebasti√°n Puga üéß,"Jul 23, 2025",31,0
2026-01-12,wTxu723zaLo,Esta noche: nuevo cap√≠tulo del podcast con Sebasti√°n Puga üéß,"Jul 23, 2025",31,0
2026-01-13,wTxu723zaLo,Esta noche: nuevo cap√≠tulo del podcast con Sebasti√°n Puga üéß,"Jul 23, 2025",31,0
2026-01-14,wTxu723zaLo,Esta noche: nuevo cap√≠tulo del podcast con Sebasti√°n Puga üéß,"Jul 23, 2025",31,0
2026-01-15,wTxu723zaLo,Esta noche: nuevo cap√≠tulo del podcast con Sebasti√°n Puga üéß,"Jul 23, 2025",31,0
2026-01-16,wTxu723zaLo,Esta noche: nuevo cap√≠tulo del podcast con Sebasti√°n Puga üéß,"Jul 23, 2025",31,0
2026-01-17,wTxu723zaLo,Esta noche: nuevo cap√≠tulo del podcast con Sebasti√°n Puga üéß,"Jul 23, 2025",31,0
2026-01-18,wTxu723zaLo,Esta noche: nuevo cap√≠tulo del podcast con Sebasti√°n Puga üéß,"Jul 23, 2025",31,0
2026-01-19,wTxu723zaLo,Esta noche: nuevo cap√≠tulo del podcast con Sebasti√°n Puga üéß,"Jul 23, 2025",31,0
2026-01-20,wTxu723zaLo,Esta noche: nuevo cap√≠tulo del podcast con Sebasti√°n Puga üéß,"Jul 23, 2025",31,0
2026-01-21,wTxu723zaLo,Esta noche: nuevo cap√≠tulo del podcast con Sebasti√°n Puga üéß,"Jul 23, 2025",31,57.74
2026-01-22,wTxu723zaLo,Esta noche: nuevo cap√≠tulo del podcast con Sebasti√°n Puga üéß,"Jul 23, 2025",31,0
2026-01-23,wTxu723zaLo,Esta noche: nuevo cap√≠tulo del podcast con Sebasti√°n Puga üéß,"Jul 23, 2025",31,0
2026-01-24,wTxu723zaLo,Esta noche: nuevo cap√≠tulo del podcast con Sebasti√°n Puga üéß,"Jul 23, 2025",31,0
2026-01-25,wTxu723zaLo,Esta noche: nuevo cap√≠tulo del podcast con Sebasti√°n Puga üéß,"Jul 23, 2025",31,0
2026-01-26,wTxu723zaLo,Esta noche: nuevo cap√≠tulo del podcast con Sebasti√°n Puga üéß,"Jul 23, 2025",31,0
2026-01-27,wTxu723zaLo,Esta noche: nuevo cap√≠tulo del podcast con Sebasti√°n Puga üéß,"Jul 23, 2025",31,0
2026-01-28,wTxu723zaLo,Esta noche: nuevo cap√≠tulo del podcast con Sebasti√°n Puga üéß,"Jul 23, 2025",31,0
2026-01-29,wTxu723zaLo,Esta noche: nuevo cap√≠tulo del podcast con Sebasti√°n Puga üéß,"Jul 23, 2025",31,0
2026-01-30,wTxu723zaLo,Esta noche: nuevo cap√≠tulo del podcast con Sebasti√°n Puga üéß,"Jul 23, 2025",31,0
2026-01-31,wTxu723zaLo,Esta noche: nuevo cap√≠tulo del podcast con Sebasti√°n Puga üéß,"Jul 23, 2025",31,0
