Contenido,T√≠tulo del video,Tiempo de publicaci√≥n del video,Duraci√≥n,Porcentaje promedio reproducido (%),Se quedaron para mirar (%),Usuarios √∫nicos,Vistas promedio por usuario,Usuarios nuevos,Usuarios recurrentes,Usuarios ocasionales,Usuarios habituales,Suscriptores obtenidos,Suscriptores perdidos,Me gusta,No me gusta,Me gusta (vs. No me gusta) (%),Elementos compartidos,Comentarios agregados,Clics en la tarjeta,Tarjetas mostradas,Clics por tarjeta mostrada (%),Clics en el avance de la tarjeta,Avances de tarjeta mostrados,Clics en avances por avances de tarjeta mostrados (%),Clics en elementos de pantalla final,Elementos de pantalla final mostrados,Clics por elemento de pantalla final mostrado (%),Vistas,Tiempo de reproducci√≥n (horas),Suscriptores,Duraci√≥n promedio de vistas,Impresiones,Tasa de clics de las impresiones (%)
Total,,,,17.85,37.59,4490,1.2245,4151,337,306,31,26,7,86,9,90.53,48,23,0,0,0,0,8,0,0,8,0,8120,355.28,19,0:03:51,83263,2.68
7QBJkNuUXic,Cristi√°n Stewart en el lanzamiento de ‚ÄúPol√≠tica Migratoria para el Chile que viene‚Äù,"Aug 21, 2025",57,59.64,100,3,1,2,1,1,0,0,0,0,0,,0,0,0,0,,0,0,,0,0,,4,0.0283,0,0:00:33,49,6.12
sadkExDqBNI,Podcast Sonido P√∫blico: Javi Rodr√≠guez- Apoyo de la familia,"May 8, 2025",47,52.98,100,1,1,1,0,0,0,0,0,0,0,,0,0,0,0,,0,0,,0,0,,1,0.0069,0,0:00:24,26,0
wTxu723zaLo,Esta noche: nuevo cap√≠tulo del podcast con Sebasti√°n Puga üéß,"Jul 23, 2025",31,67.77,100,2,1,1,1,1,0,0,0,0,0,,0,0,0,0,,0,0,,0,0,,2,0.0117,0,0:00:21,35,2.86
BYg2FOIMO2w,¬øAdi√≥s a la UF? Juan Pablo Lira explica por qu√© no es tan simple,"Jul 24, 2025",78,24.71,75,3,1.3333,3,0,0,0,0,0,0,0,,0,0,0,0,,0,0,,0,0,,5,0.0216,0,0:00:19,65,0
v4aG7g3z20M,Tensi√≥n entre Israel e Ir√°n: An√°lisis y postura de Chil,"Jun 26, 2025",74,22.52,75,3,2.6667,0,3,3,0,0,0,0,0,,2,0,0,0,,0,0,,0,0,,9,0.0375,0,0:00:16,124,3.23
7K4A3l1_hvA,Nuevo especial de IdeaPa√≠s: ‚ÄúABC del Comunismo‚Äù üéôÔ∏èüìÑ,"Oct 30, 2025",48,53.53,71.43,6,1,1,5,5,0,0,0,0,0,,0,0,0,0,,0,0,,0,0,,8,0.0434,0,0:00:25,79,5.06
0mUYn-u03nQ,"Javiera Rodr√≠guez conversa sobre las funas, el feminismo y las redes sociales.  #podcast","May 12, 2025",30,90.34,70,8,1,8,0,0,0,0,0,0,0,,0,0,0,0,,0,0,,0,0,,13,0.0618,0,0:00:27,274,2.19
J2RgUdcaQ9E,¬øCu√°l es el rol de la Contralor√≠a en nuestro pa√≠s? üîé,"Jun 25, 2025",90,28.14,66.67,16,1,15,1,1,0,0,0,0,0,,0,0,0,0,,0,0,,0,0,,21,0.1144,0,0:00:25,282,1.42
LtVvR4AB_o4,Chile actual: Estancamiento pol√≠tico - Juan Pablo Lira en S√∫bela!,"Jun 2, 2025",30,147.63,66.67,2,1,2,0,0,0,0,0,0,0,,0,0,0,0,,0,0,,0,0,,5,0.0249,0,0:00:44,144,0
mh69ND_mRzs,El podcast pol√≠tico de IdeaPa√≠s con Javiera Rodr√≠guez,"Apr 23, 2025",30,85.06,66.67,4,1,3,1,1,0,0,0,0,0,,0,0,0,0,,0,0,,0,0,,5,0.0287,0,0:00:25,70,1.43
 -TMAR7i8CwM,Cay√≥ Maduro pero el r√©gimen sigue. La estrategia de EE.UU. en Venezuela por Santiago Acosta,"Jan 13, 2026",108,67.4,61.5,633,1.0126,615,18,15,3,2,1,16,1,94.12,0,0,0,0,,0,0,,0,0,,1240,13.145,1,0:01:12,484,2.27
L2YVVmtdfkU,Cuentas Claras #1¬†| ¬øPor qu√© a Chile no le alcanzan sus ingresos?,"Dec 11, 2025",32,45.18,60,3,1,1,2,2,0,0,0,1,0,100,0,0,0,0,,0,0,,0,0,,5,0.0128,0,0:00:14,75,2.67
LxEYMC0Us2s,A un a√±o del 28 de julio de 2024 en Venezuela por Santiago Acosta,"Jul 31, 2025",140,5.08,60,3,1,3,0,0,0,0,0,0,0,,0,0,0,0,,0,0,,0,0,,5,0.0065,0,0:00:07,149,0.67
CEg2jKFYaIQ,Cuentas Claras #2 | ¬øEn qu√© gasta sus recursos el pa√≠s?,"Dec 12, 2025",37,56.87,50,2,1,0,2,2,0,0,0,0,0,,0,0,0,0,,0,0,,0,0,,3,0.0125,0,0:00:21,102,0.98
Ccad3zOhGN0,[PROTAGONISTAS DEL DEBATE],"Jul 8, 2022",48,27.08,50,1,1,0,1,1,0,0,0,0,0,,0,0,0,0,,0,0,,0,0,,2,0.0039,0,0:00:13,64,1.56
E84yZ-Ew8zI,¬°As√≠ se vivi√≥ la final de nuestro Tornero de Debate Escolar!,"Sep 10, 2025",90,9.67,50,1,1,1,0,0,0,0,0,-1,0,100,0,0,0,0,,0,0,,0,0,,2,0.0028,0,0:00:08,88,0
q8sSb9eNWWU,Santiago Acosta analiza el cambio en Bolivia en T13,"Oct 23, 2025",53,21.51,50,1,1,1,0,0,0,0,0,0,0,,0,0,0,0,,0,0,,0,0,,2,0.0034,0,0:00:11,99,0
rEVMMTjmw6M,Encuentro ‚ÄúUna derecha joven por Chile‚Äù,"May 12, 2025",31,21.4,50,1,1,1,0,0,0,0,0,0,0,,0,0,0,0,,0,0,,0,0,,2,0.0024,0,0:00:06,56,1.79
Ph8y41CYBoo,"Nuestra directora de Estudios, Emilia Garc√≠a, particip√≥ en la mesa de an√°lisis de @T13_cl Noche.","May 5, 2025",78,17.96,31.58,13,1,7,6,6,0,0,0,0,0,,0,0,0,0,,0,0,,0,0,,39,0.0648,0,0:00:14,492,1.22
84h5ZBKUE9U,¬øPor qu√© Chile dej√≥ de crecer? üìâ,"Jan 2, 2026",39,39.08,29.69,205,1.0195,190,15,13,2,1,0,2,0,100,0,0,0,0,,0,0,,0,0,,691,1.1001,1,0:00:15,312,2.56
DMEqTntGWlM,Dios es trending topic por Emilia Garc√≠a,"Jan 15, 2026",85,45.6,26.85,513,1.0409,462,51,46,5,7,1,42,1,97.67,10,2,0,0,,0,0,,0,0,,2017,6.3434,6,0:00:38,557,5.92
IN88FbiFDfw,‚ÄúY en todo Caridad‚Äù: ¬°Ya est√°n las inscripciones abiertas!,"Jul 23, 2025",30,,0,0,,,,,,0,0,0,0,,0,0,0,0,,0,0,,0,0,,1,0.0001,0,,14,0
jhiROTsehpI,Mat√≠as Arteaga te invita a ver el Podcast Sonido P√∫blico #4 sobre Gastronom√≠a Chilena,"Jun 25, 2025",20,19,0,1,1,0,1,1,0,0,0,0,0,,0,0,0,0,,0,0,,0,0,,3,0.0011,0,0:00:03,103,0
 --awFqz6h9g,Emilia Garc√≠a conversa sobre feminismo y natalidad en Money Talks de la @latercera,"May 22, 2025",1895,42.5,,4,1.25,3,1,1,0,0,0,1,0,100,0,0,0,0,,0,0,,0,0,,5,1.1185,0,0:13:25,39,10.26
-8sUGHEymcE,[SEBASTI√ÅN SOTO EN IDEAPA√çS],"Aug 28, 2022",4625,,,0,,,,,,,,,,,,,,,,,,,,,,,,,,9,0
 -AkZJ9oXq_w,Emilia Garc√≠a en T13 Noche: Frente Amplio y apoyo a Toh√°,"May 5, 2025",665,2.53,,1,1,0,1,1,0,0,0,0,0,,0,0,0,0,,0,0,,0,0,,1,0.0047,0,0:00:16,62,1.61
 -CJ2pAlhaQA,"""P√©rdida y Desperdicio de Alimentos en Chile""","Aug 3, 2016",136,,,0,,,,,,,,,,,,,,,,,,,,,,,,,,2,0
 -GsQibQKbRw,Javiera Corval√°n se refiere a los apoyos que han recibido los candidatos Matthei y Kast @T13_cl,"Jun 13, 2025",594,,,0,,,,,,,,,,,,,,,,,,,,,,,,,,5,0
 -IU2Yby1nGI,Sherif Girgis expone en ICARE,"May 29, 2012",74,,,0,,,,,,,,,,,,,,,,,,,,,,,,,,1,0
 -QjMCov_mFs,‚ÄúLa Propuesta de nueva Constituci√≥n‚Äù: con Fernando Atria y Ruggero Cozzi,"Jul 12, 2022",5055,33.68,,1,1,1,0,0,0,0,0,0,0,,0,0,0,0,,0,0,,0,0,,1,0.4729,0,0:28:22,6,0
 -VfVrmpBqjI,Javiera Corval√°n sobre la maternidad subrogada y la postura abolicionista,"Aug 22, 2025",601,1.9,,2,1,2,0,0,0,0,0,0,0,,0,0,0,0,,0,0,,0,0,,2,0.0063,0,0:00:11,7,14.29
 -YNtEaEsGC0,Am√©rica Castillo analiza el escenario presidencial en CNN Chile Radio,"Dec 17, 2025",1540,27.51,,4,1,0,4,4,0,0,0,0,0,,0,0,0,0,,0,0,,0,0,,4,0.4708,0,0:07:03,60,3.33
 -aKXs0eAy-c,Sembrando Futuro: ¬øC√≥mo superar la vulnerabilidad de la clase media?,"Oct 29, 2024",4341,0.14,,1,5,0,1,0,1,0,0,0,0,,0,0,0,0,,0,0,,0,0,,5,0.0086,0,0:00:06,10,0
 -eLdD0XCp1Q,Rol y Modernizaci√≥n del Estado,"Feb 23, 2021",4728,,,0,,,,,,,,,,,,,,,,,,,,,,,,,,2,0
 -kSIq00FPDc,Javiera Corval√°n en T13 Noche: Declaraciones de Carmona y propuesta ‚ÄúChao Pr√©stamo‚Äù bajo la lupa,"Sep 1, 2025",567,,,0,,,,,,,,,,,,,,,,,,,,,,,,,,8,0
 -nmm9J3p5FI,Conflicto en Medio Oriente y Nobel de la Paz: la mirada de Cristi√°n Stewart en Radio Pauta,"Oct 17, 2025",1113,,,0,,,,,,,,,,,,,,,,,,,,,,,,,,8,0
 -sXIo9zLi5g,Libertad de Ense√±anza y Rol de los Padres en la Educaci√≥n de sus Hijos.,"Oct 6, 2021",3443,,,0,,,,,,,,,,,,,,,,,,,,,,,,,,1,0
 -xcIPO-78aM,Debate Diego Schalper y Luis Larra√≠n sobre Uniones de Hecho parte 1,"Jul 14, 2011",896,0.2,,1,1,0,1,1,0,0,0,0,0,,0,0,0,0,,0,0,,0,0,,1,0.0005,0,0:00:01,7,14.29
05APIPrW7Ps,Kevin Canales analiza el escenario presidencial en Radio Metropolitan,"Dec 17, 2025",1187,0,,1,1,0,1,1,0,0,0,0,0,,0,0,0,0,,0,0,,0,0,,1,0,0,0:00:00,51,0
0AmuX49xq6A,Am√©rica Castillo analiza el √∫ltimo debate presidencial en T13 Noche,"Dec 17, 2025",641,1.72,,2,1,0,2,1,1,0,0,0,0,,0,0,0,0,,0,0,,0,0,,2,0.0061,0,0:00:11,55,3.64
0YJOUSZr3Fg,Cuentas Claras #2 | ¬øEn qu√© gasta Chile sus recursos? Con Felipe Larra√≠n,"Dec 4, 2025",1875,40.13,,6,1.3333,3,3,3,0,0,0,0,0,,0,0,0,0,,0,0,,0,0,,8,1.6719,0,0:12:32,130,2.31
0j7S970mhiE,"FEUC en Sonido P√∫blico: Agosto Solidario, fin del CAE y la interna en la Confech","Sep 24, 2025",1705,2.51,,1,1,0,1,1,0,0,0,0,0,,0,0,0,0,,0,0,,0,0,,1,0.0119,0,0:00:42,6,16.67
1DIcHRRJaKU,Arnau Sarra analiza el nuevo gabinete en ADN Radio,"Jan 22, 2026",2946,12.5,,38,1.2105,29,9,6,3,0,0,0,0,,0,0,0,0,,0,0,,0,0,,46,4.7057,0,0:06:08,1194,2.68
1Mm0966mfqA,Santiago Acosta conversa sobre la situaci√≥n en Venezuela en Radio Agricultura,"Jan 8, 2026",2942,11.43,,111,1.0541,88,23,20,3,1,0,1,0,100,1,0,0,0,,0,0,,0,0,,117,10.9287,1,0:05:36,4058,2.27
1bht6OCqdgA,Am√©rica Castillo comenta la actualidad pol√≠tica en T13 Noche,"Oct 30, 2025",625,,,0,,,,,,,,,,,,,,,,,,,,,,,,,,9,0
2KhE7_-_bxE,Santiago Acosta conversa en @T13_cl  sobre la situaci√≥n en Venezuela,"Jan 8, 2026",1080,30.57,,87,1.069,71,16,11,5,1,0,2,0,100,0,0,0,0,,0,0,,0,0,,93,8.5277,1,0:05:30,6330,1
2Q2L5wQwOPY,Emilia Garc√≠a en T13 Noche: Inscripciones oficialismo a primarias,"May 5, 2025",678,2.09,,8,1.125,6,2,2,0,0,0,0,0,,0,0,0,0,,0,0,,0,0,,9,0.0355,0,0:00:14,402,2.24
2iQKs2IsvY4,"ABC del Comunismo #1 | De Lenin y Marx al PC Chileno, con Max Colodro","Oct 30, 2025",1910,8.71,,19,1.5263,11,8,6,2,0,0,0,1,0,0,1,0,0,,0,0,,0,0,,29,1.3399,0,0:02:46,302,3.64
2kei_WjN860,¬øA qu√© se enfrenta esta generaci√≥n de j√≥venes? Por Michael Comber,"Jul 11, 2025",98,,,0,,,,,,,,,,,,,,,,,,,,,,,,,,27,0
2opNccLe3gQ,"Carmen Dom√≠nguez, Directora Centro Familia UC","Sep 28, 2011",52,,,0,,,,,,,,,,,,,,,,,,,,,,,,,,17,0
38UYxx4InBE,¬øQu√© le dir√≠as a los constituyentes electos?,"May 29, 2021",402,2.98,,3,1,2,1,1,0,0,0,0,0,,0,0,0,0,,0,0,,0,0,,3,0.01,0,0:00:11,10,0
3d3Zq4YaKTs,"#PorElla Nicolas Le√≥n, ""debemos salir al encuentro de las mujeres con embarazo vulnerable""","Jan 31, 2015",21,,,0,,,,,,,,,,,,,,,,,,,,,,,,,,2,0
3dsBQC2MTCY,Repensar la derecha,"Sep 6, 2021",3269,,,0,,,,,,,,,,,,,,,,,,,,,,,,,,2,0
3u6tW9w96o0,Cuentas Claras #4 | ¬øC√≥mo se define el presupuesto en nuestro pa√≠s? Con Javiera Mart√≠nez,"Jan 22, 2026",1411,19.8,,41,1.122,27,14,7,7,1,0,2,0,100,1,0,0,0,,0,0,,0,0,,46,3.57,1,0:04:39,2073,0.87
3zjg3eFIJoI,¬øQu√© pasa con la Salud?,"Nov 29, 2019",82,,,0,,,,,,,,,,,,,,,,,,,,,,,,,,2,0
4F58Mokjs4g,Europa en el foco,"Jun 27, 2024",3352,,,0,,,,,,,,,,,,,,,,,,,,,,,,,,1,0
4JyDiRSKjVU,[CATALINA SALEM IDEAPA√çS],"Sep 1, 2022",3559,,,0,,,,,,,,,,,,,,,,,,,,,,,,,,18,0
4O7Bk5k3veM,PREGUNTAS Y RESPUESTAS CON: CLAUDIO ALVARADO,"May 13, 2020",451,3.14,,1,1,0,1,1,0,0,0,0,0,,0,0,0,0,,0,0,,0,0,,1,0.0039,0,0:00:14,9,11.11
4SqIuVGk1x4,Emilia Garc√≠a analiza se√±ales de unidad y el pr√≥ximo gabinete en CNN Chile Radio,"Jan 22, 2026",1493,16.59,,149,1.0671,103,46,43,3,1,0,1,0,100,0,1,0,0,,0,0,,0,0,,159,10.9407,1,0:04:07,4726,2.77
56qpNy3Azs8,Cleptocracia en el foco: ¬øC√≥mo frenar el financiamiento de dictaduras?,"Aug 25, 2025",3274,,,0,,,,,,,,,,,,,,,,,,,,,,,,,,17,0
5K9wmdZiYPM,Pablo Valderrama en El LiÃÅbero,"May 28, 2018",413,,,0,,,,,,,,,,,,,,,,,,,,,,,,,,4,0
5gfo8ZTSKmc,Pablo Valderrama en Tele13 Radio,"Mar 26, 2018",630,,,0,,,,,,,,,,,,,,,,,,,,,,,,,,3,0
5mE_MjZL5JU,"Francisca Figueroa sobre el termino ""Educaci√≥n no sexista"" en el Tribunal Constitucional","Mar 26, 2024",276,,,0,,,,,,,,,,,,,,,,,,,,,,,,,,1,0
6Ql39MdPwS4,Cristi√°n Stewart en Radio ADN ‚Äì Panel ADN Pa√≠s con Aldo Schiappacasse,"May 27, 2025",2775,,,0,,,,,,,,,,,,,,,,,,,,,,,,,,8,0
6ZbyFPpIKfA,Juan Pablo Lira en @cnnchile - analiza cu√°nto ha cumplido el gobierno del Presidente Boric,"Jun 3, 2025",618,,,0,,,,,,,,,,,,,,,,,,,,,,,,,,10,0
6_YUrrUSvqU,CENSO 2024 y natalidad: Kevin Canales en Canal 9,"May 5, 2025",1164,0.63,,1,1,1,0,0,0,0,0,0,0,,0,0,0,0,,0,0,,0,0,,1,0.002,0,0:00:07,15,0
6k6_7looEAA,Jos√© Cuadro en Radio Universo se refiere al c√≥nclave para elegir al nuevo Papa,"May 8, 2025",1077,1.62,,1,2,1,0,0,0,0,0,0,0,,0,0,0,0,,0,0,,0,0,,2,0.0097,0,0:00:17,11,9.09
6oNsbQp35Vs,An√°lisis de la primera vuelta presidencial en Radio Metropolitan | Kevin Canales,"Nov 17, 2025",789,,,0,,,,,,,,,,,,,,,,,,,,,,,,,,23,0
7-IjnzJ4vck,"[LA ESCUELA POL√çTICA, SESI√ìN 4: LA LIBERTAD COMO BIEN DE LA PERSONA]","Nov 2, 2022",107,,,0,,,,,,,,,,,,,,,,,,,,,,,,,,12,0
7-bThzXqMT0,"Econom√≠a familiar en Chile, 3re panel Congreso de Pensamiento: Hablemos de la Familia","Jan 5, 2024",2519,0.69,,1,1,1,0,0,0,0,0,0,0,,0,0,0,0,,0,0,,0,0,,1,0.0048,0,0:00:17,3,0
79dZaScPzlk,"Familia, Estado y Sociedad Contempor√°nea, 1re panel Congreso de Pensamiento: Hablemos de la Familia","Oct 24, 2023",4202,61.26,,1,2,1,0,0,0,0,0,0,0,,0,0,0,0,,0,0,,0,0,,2,1.4302,0,0:42:54,10,20
7FdjzWlmeuw,Cristi√°n Stewart en Biob√≠o: Socialcristianismo y las batallas culturales,"Apr 7, 2024",79,66.46,,1,1,0,1,1,0,0,0,0,0,,0,0,0,0,,0,0,,0,0,,1,0.0146,0,0:00:52,10,10
7HHUGqLf-Rc,Independencia en pol√≠tica: Una trampa,"Aug 30, 2024",358,,,0,,,,,,,,,,,,,,,,,,,,,,,,,,2,0
7KQHUcxo5og,[üéôHoja en Blanco] Daniel Mansuy y la ilusi√≥n constitucional,"Mar 26, 2021",1686,0.29,,2,1,0,2,2,0,0,0,0,0,,0,0,0,0,,0,0,,0,0,,2,0.0027,0,0:00:04,28,7.14
7_T-vtmrxmA,Cuentas Claras #2 | ¬øEn qu√© gasta sus recursos el pa√≠s?,"Dec 12, 2025",257,102.06,,2,1,2,0,0,0,0,0,0,0,,0,0,0,0,,0,0,,0,0,,2,0.1457,0,0:04:22,91,0
7brDGslziYI,Sembrando Futuro - Solidaridad y Subsidiaridad ¬øC√≥mo atendemos el malestar social?,"Oct 17, 2024",5785,,,0,,,,,,,,,,,,,,,,,,,,,,,,,,9,0
7fzjhbYwIvo,Emilia Garc√≠a en Mesa de an√°lisis T13 Noche: Cr√≠ticas a Matthei por dichos sobre el Golpe de Estado,"May 5, 2025",552,4.48,,11,1,6,5,5,0,0,0,0,0,,0,0,0,0,,0,0,,0,0,,11,0.0755,0,0:00:24,54,1.85
7omT8gIeayM,IdeaPa√≠s - Dona Tu CafeÃÅ,"Jan 9, 2014",43,,,0,,,,,,,,,,,,,,,,,,,,,,,,,,1,0
89OtqgSx3mI,Fact o fake Constitucional 7: Se√±or Presidente,"Nov 29, 2023",71,,,0,,,,,,,,,,,,,,,,,,,,,,,,,,1,0
8J2T9Tbr_fg,Javiera Corval√°n en Radio Pauta: suspensi√≥n de PAIG,"May 16, 2025",684,40.63,,9,1,6,3,2,1,0,0,0,0,,0,0,0,0,,0,0,,0,0,,9,0.6948,0,0:04:37,91,4.4
8c7wRHJWM3s,Diego Schalper en 24 Horas: Nueva Marcha por la Educaci√≥n,"Jul 12, 2013",783,,,0,,,,,,,,,,,,,,,,,,,,,,,,,,1,0
8p-pO5JwQ4I,Cristi√°n Stewart se refiere a la gesti√≥n del gobierno del Presidente Gabriel Boric - En  @T13_cl,"May 29, 2025",645,,,0,,,,,,,,,,,,,,,,,,,,,,,,,,11,0
8yCSydumnLw,Programas Econ√≥micos  Primarias Chile Vamos,"Jun 25, 2021",4908,,,0,,,,,,,,,,,,,,,,,,,,,,,,,,1,0
961DAxFU1Bc,Cuentas Claras #1 | ¬øDe d√≥nde vienen los ingresos del Estado? Con Mat√≠as Acevedo,"Nov 20, 2025",1989,14.81,,6,1.1667,2,4,4,0,0,0,1,0,100,3,0,0,0,,0,0,,0,0,,7,0.5728,0,0:04:54,59,6.78
96zy1J-sCMs,¬øQu√© propone MEO para Chile? Mat√≠as Riveros en Radio Fiesta,"Aug 7, 2025",1444,2.51,,1,1,1,0,0,0,0,0,0,0,,0,0,0,0,,0,0,,0,0,,1,0.0101,0,0:00:36,8,0
9QRUL9nZCDw,Te Cuento: En qu√© est√° el pacto fiscal.,"Apr 6, 2024",65,,,0,,,,,,,,,,,,,,,,,,,,,,,,,,17,0
9Snlvbj-8mo,"ABC del Comunismo #4 | El comunismo hoy en Chile, con Alejandro San Francisco","Nov 14, 2025",2027,14.09,,9,1.2222,5,4,4,0,0,0,0,1,0,0,0,0,0,,0,0,,0,0,,11,0.8724,0,0:04:45,197,1.02
9_65PW6lCx8,Debate Uniones de Hecho: Claudio Alvarado junto a Rolando Jim√©nez parte 2,"Jul 13, 2011",894,,,0,,,,,,,,,,,,,,,,,,,,,,,,,,1,0
9f6qAHtTQi8,‚Å†Ruggero Cozzi: Las lecciones del Rechazo y qu√© significa volver a hacerlo,"Sep 10, 2025",1603,1.81,,1,1,0,1,1,0,0,0,0,0,,0,0,0,0,,0,0,,0,0,,1,0.008,0,0:00:28,41,2.44
9jxkMChQb-M,U. San Sebasti√°n: Congreso de participaci√≥n juvenil,"May 18, 2012",135,,,0,,,,,,,,,,,,,,,,,,,,,,,,,,1,0
9trx8vIpA6I,Nicol√°s Ibieta en Cursos IdeaPa√≠s,"Jun 20, 2012",46,,,0,,,,,,,,,,,,,,,,,,,,,,,,,,3,0
AGsvUpltHyM,"Am√©rica Castillo analiza caso FACH, encuestas y presidenciales en Teletrece Noche","Jul 18, 2025",566,1.06,,2,1,2,0,0,0,0,0,0,0,,0,0,0,0,,0,0,,0,0,,2,0.0033,0,0:00:06,8,12.5
ALPeOnkFG_g,El nuevo escenario pol√≠tico en Bolivia: Santiago Acosta en T13,"Oct 23, 2025",978,2.1,,2,1,2,0,0,0,0,0,0,0,,0,0,0,0,,0,0,,0,0,,2,0.0114,0,0:00:20,32,3.13
ATrl0zRUCnM,"[TIEMPO CONSTITUCI√ìN, FELIPE HARBOE Y LORETO VALLEJOS]","Aug 16, 2022",3753,,,0,,,,,,,,,,,,,,,,,,,,,,,,,,1,0
AdsLn5KzRuY,"Emilia Garc√≠a, en Mesa de An√°lisis de T13 Noche","Jul 6, 2023",813,11.83,,15,1.0667,9,6,6,0,0,0,0,0,,0,0,0,0,,0,0,,0,0,,16,0.4274,0,0:01:36,670,1.64
AhpQQRzrDr4,"Francisca Figueroa, investigadora en IdeaPa√≠s, participa en Mesa de an√°lisis T13 Noche","May 7, 2025",563,16.13,,1,1,0,1,1,0,0,0,0,0,,0,0,0,0,,0,0,,0,0,,1,0.0252,0,0:01:30,4,0
Aow0_PEWiqI,Congreso de Pol√≠ticas P√∫blicas Profamilia,"Oct 8, 2024",66,,,0,,,,,,,,,,,,,,,,,,,,,,,,,,1,0
BFJCg_v4TvA,Eugenio Ya√±ez y el modelo econ√≥mico chileno,"Jan 24, 2022",3881,2.41,,1,1,1,0,0,0,0,0,0,0,,0,0,0,0,,0,0,,0,0,,1,0.0259,0,0:01:33,5,20
BSZyH09Sdak,IdeaPa√≠s: Congreso de Pol√≠ticas P√∫blicas Profamilia,"Sep 28, 2024",14141,0.16,,2,1.5,2,0,0,0,0,0,0,0,,0,0,0,0,,0,0,,0,0,,3,0.0185,0,0:00:22,5,20
B_rzLpgpZKw,Pablo Varas debate sobre educaci√≥n en 24Horas TVN / V√≠a P√∫blica,"Apr 12, 2013",2313,0.25,,1,1,1,0,0,0,0,0,0,0,,0,0,0,0,,0,0,,0,0,,1,0.0016,0,0:00:05,10,10
BcRBPsqUEE4,Kevin Canales en Canal 9: Actualidad pol√≠tica y regional,"May 13, 2025",1394,1.41,,2,1,1,1,1,0,0,0,0,0,,0,0,0,0,,0,0,,0,0,,2,0.0109,0,0:00:19,30,3.33
BeYpfCZk64U,Emilia Garc√≠a en Mesa Central T13,"Apr 29, 2025",2503,14.11,,177,1.2316,144,33,33,0,0,0,1,0,100,2,0,0,0,,0,0,,0,0,,218,21.3838,0,0:05:53,789,22.05
BjsXzxQS3WM,La Br√∫jula (Cap√≠tulo 5): Elecciones de consejeros constitucionales,"May 10, 2023",2603,5.46,,1,1,1,0,0,0,0,0,0,0,,0,0,0,0,,0,0,,0,0,,1,0.0395,0,0:02:22,0,
BtlYeUjaYYo,Cristian Stewart analiza la contingencia en ADN Radio,"Nov 17, 2025",2939,,,0,,,,,,,,,,,,,,,,,,,,,,,,,,15,0
C4XXfGKffoM,Nota Tolerancia Cero,"Dec 3, 2012",74,,,0,,,,,,,,,,,,,,,,,,,,,,,,,,4,0
C5kr4qcLhpQ,Francisca Figueroa en Mesa de An√°lisis de @T13_cl conversan sobre los candidatos presidenciales,"Jun 25, 2025",670,0.77,,1,4,0,1,1,0,0,0,0,0,,0,0,0,0,,0,0,,0,0,,4,0.0057,0,0:00:05,4,0
C7SzE1raIuM,Am√©rica Castillo analiza tensiones en la DC y comando de Matthei en T13 Noche,"Aug 7, 2025",533,,,0,,,,,,,,,,,,,,,,,,,,,,,,,,9,0
CAfCTb7PKCw,Crimen Organizado en el Foco | IdeaPa√≠s,"May 20, 2024",2964,,,0,,,,,,,,,,,,,,,,,,,,,,,,,,1,0
CD9qia_jUoo,"""Seguridad y espacios p√∫blicos"", con los alcaldes Carolina Leitao, Rodolfo Carter y Gustavo Toro","Jan 11, 2023",5171,,,0,,,,,,,,,,,,,,,,,,,,,,,,,,6,0
CENoqCYkTWg,Congreso de L√≠deres Secundarios - Santiago,"Sep 15, 2017",58,,,0,,,,,,,,,,,,,,,,,,,,,,,,,,3,0
CHYArcdiq8c,Michael Comber en T13: El descontento de la Generaci√≥n Z,"Oct 10, 2025",1173,6.97,,2,1,0,2,1,1,0,0,0,0,,0,0,0,0,,0,0,,0,0,,2,0.0454,0,0:01:21,11,9.09
CL4mEBUFRhk,"TV O'Higgins acompa√±√°ndonos en Elijo 2023 ""Encuentro de L√≠deres J√≥venes""","Jun 20, 2023",170,,,0,,,,,,,,,,,,,,,,,,,,,,,,,,1,0
CY0C2dGS8rw,"Debate sobre ""matrimonio"" igualitario en U. Santo Tom√°s","Jun 7, 2012",104,,,0,,,,,,,,,,,,,,,,,,,,,,,,,,5,0
CddwytVCYXU,Te Cuento: Reforma previsional.,"Aug 28, 2023",121,,,0,,,,,,,,,,,,,,,,,,,,,,,,,,1,0
CfscE70IZF8,Javiera Corval√°n en T13 Noche,"Apr 11, 2025",618,2.27,,2,1.5,1,1,1,0,0,0,0,0,,0,0,0,0,,0,0,,0,0,,3,0.0117,0,0:00:14,8,25
Cq8MIInQbbI,Impresiones de Evelyn Matthei sobre el Congreso de Pol√≠ticas P√∫blicas Profamilia,"Oct 9, 2024",58,,,0,,,,,,,,,,,,,,,,,,,,,,,,,,3,0
CtRS1NunL1I,Emilia Garc√≠a en Radio Imagina,"Apr 8, 2025",1379,,,0,,,,,,,,,,,,,,,,,,,,,,,,,,30,0
D3l3pMjnorc,Mat√≠as Riveros en Radio Fiessta conversa sobre las elecciones presidenciales,"Nov 17, 2025",1259,41.63,,1,1,0,1,1,0,0,0,0,0,,0,0,0,0,,0,0,,0,0,,1,0.1456,0,0:08:44,11,0
D96sKQoaJ08,Mat√≠as Petersen y el reformismo,"Jan 24, 2022",3237,,,0,,,,,,,,,,,,,,,,,,,,,,,,,,2,0
DmHyfRD1u_U,"Podcast Sonido P√∫blico #1 Borja Y√°√±ez habla de pol√≠tica, liderazgo y movimientos universitarios","Apr 9, 2025",1717,33.38,,1,1,1,0,0,0,0,0,0,0,,0,0,0,0,,0,0,,0,0,,1,0.1592,0,0:09:33,16,0
DyoLkrsxonY,[üéôHoja en Blanco] Juan Luis Ossa y el presidencialismo en disputa,"Apr 15, 2021",1830,1.19,,2,1,0,2,2,0,0,0,0,0,,0,0,0,0,,0,0,,0,0,,2,0.0121,0,0:00:21,12,8.33
E2PKeoF8hjo,Alianza Transatl√°ntica en el Foco: el futuro de las relaciones Europa-Estados Unidos.,"Mar 31, 2025",3751,,,0,,,,,,,,,,,,,,,,,,,,,,,,,,19,0
EGxizCbKBTA,An√°lisis en T13 Noche: Am√©rica Castillo revisa el escenario pol√≠tico,"Nov 20, 2025",570,1.33,,1,1,0,1,1,0,0,0,0,0,,0,0,0,0,,0,0,,0,0,,1,0.0021,0,0:00:07,25,4
ENfQAB0b5tg,Josefina Araos y la cultura como horizonte de sentido,"Jan 24, 2022",4153,,,0,,,,,,,,,,,,,,,,,,,,,,,,,,6,0
EZ2yat6bYdY,Cristian Stewart conversa en @adnradio sobre actualidad y pol√≠tica,"Jan 22, 2026",2936,27.02,,15,1.0667,9,6,3,3,0,0,1,0,100,0,0,0,0,,0,0,,0,0,,16,3.5258,0,0:13:13,723,0.83
EoRlRcuT6fY,"Podcast Sonido P√∫blico #5: Redescubre Santiago con Rodrigo Guendelman, @SantiagoAdicto","Jul 9, 2025",2135,34.89,,4,1.25,2,2,2,0,0,0,0,1,0,0,1,0,0,,0,0,,0,0,,5,1.0345,0,0:12:24,54,5.56
Ey7sf3Ep9eU,Emilia GarciÃÅa en Voces del Poder @cnnchile,"Nov 11, 2025",1526,3.94,,36,1.0278,26,10,9,1,0,0,0,0,,0,0,0,0,,0,0,,0,0,,37,0.6178,0,0:01:00,664,3.77
EzU6mdKztFw,Ecuador en el foco: El crimen organizado y el narcotr√°fico amenazan la democracia en la regi√≥n.,"Jan 24, 2024",3205,,,0,,,,,,,,,,,,,,,,,,,,,,,,,,1,0
F1_98XPVy5A,Experiencia en terreno Cursos IdeaPa√≠s 2012,"Jun 27, 2012",86,,,0,,,,,,,,,,,,,,,,,,,,,,,,,,3,0
F1i594FeL9U,"Kast, Jara y las tensiones que marcan la agenda pol√≠tica: conoce la mirada de Am√©rica Castillo","Aug 14, 2025",758,,,0,,,,,,,,,,,,,,,,,,,,,,,,,,8,0
FLRoet-ATHU,¬øSe cumplieron las promesas de la Cuenta P√∫blica 2024?: Cristi√°n Stewart en Radio Pauta,"Jun 3, 2025",665,,,0,,,,,,,,,,,,,,,,,,,,,,,,,,6,0
FOC_4XA-_s4,Nicol√°s Le√≥n debate sobre educaci√≥n en Canal 24Horas,"Mar 28, 2014",894,,,0,,,,,,,,,,,,,,,,,,,,,,,,,,2,0
FU-0AGite4I,Javiera Corval√°n expone en la Comisi√≥n del Senado,"Jan 22, 2026",385,37.87,,40,1.175,28,12,8,4,0,0,0,0,,1,0,0,0,,0,0,,0,0,,47,1.9034,0,0:02:25,1668,1.98
FhZwpvLmhmw,¬øSe acaba el CAE? Juan Pablo Lira expone en la Comisi√≥n de Hacienda,"Jun 4, 2025",428,6.41,,1,1,0,1,1,0,0,0,0,0,,0,0,0,0,,0,0,,0,0,,1,0.0076,0,0:00:27,4,25
FoFFtN5d9IM,ProMujer -  Magdalena Vergara,"Mar 30, 2021",1054,,,0,,,,,,,,,,,,,,,,,,,,,,,,,,8,0
FrxCmS_E4N4,Cierre Formaci√≥n IdeaPa√≠s 2017,"Nov 23, 2017",61,,,0,,,,,,,,,,,,,,,,,,,,,,,,,,1,0
G-m-33ypMbM,"Sol Serrano, Estallido Social: cicatrices por cerrar.","Apr 18, 2022",3324,2.19,,2,2,2,0,0,0,0,0,0,0,,0,0,0,0,,0,0,,0,0,,4,0.0808,0,0:01:12,6,16.67
GQGoXXWNSRA,Entrevista a Evelyn Matthei: Seguridad y Desaf√≠os de Chile | IdeaPa√≠s en Radio Fiessta,"Jul 17, 2025",1263,0.94,,1,1,0,1,1,0,0,0,0,0,,0,0,0,0,,0,0,,0,0,,1,0.0033,0,0:00:11,7,14.29
GSv6dDSWwSY,"La Escuela Pol√≠tica 2024: ""La Familia como bien p√∫blico"", con Catalina Siles","Oct 16, 2024",5062,0.47,,2,2,0,2,1,1,0,0,0,0,,0,0,0,0,,0,0,,0,0,,4,0.0263,0,0:00:23,10,20
GrmOlYOcipI,Francisca Figueroa en T13 Noche: An√°lisis encuesta CEP y reglas de uso de la fuerza,"May 13, 2025",595,,,0,,,,,,,,,,,,,,,,,,,,,,,,,,8,0
Gvct0DXM0cQ,Radiograf√≠a del Empleo en Biob√≠o: ¬øCrisis o oportunidad? | Kevin Canales en Canal 9,"Aug 7, 2025",726,,,0,,,,,,,,,,,,,,,,,,,,,,,,,,9,0
GvdZdHvI3jU,Curso: Ideas y Discusiones del SXXI,"Aug 3, 2016",101,,,0,,,,,,,,,,,,,,,,,,,,,,,,,,1,0
GznI9Xe3AMg,"Podcast Sonido P√∫blico #6: Creatividad, medios y redes con Sebasti√°n Puga","Jul 23, 2025",1797,2.52,,3,1,2,1,1,0,0,0,0,0,,0,0,0,0,,0,0,,0,0,,3,0.0377,0,0:00:45,44,0
H5M9clURQss,Desaf√≠os Humanos de la Econom√≠a - Mat√≠as Petersen,"May 4, 2011",36,98.42,,1,1,1,0,0,0,0,0,0,0,,0,0,0,0,,0,0,,0,0,,1,0.0098,0,0:00:35,2,0
HE5byNwZ5m0,"[TIEMPO CONSTITUCI√ìN, RICARDO NEUMANN Y MAT√çAS ORELLANA ]","Aug 2, 2022",2862,0.77,,1,1,1,0,0,0,0,0,0,0,,0,0,0,0,,0,0,,0,0,,1,0.0061,0,0:00:21,2,50
HG5obU-xtac,Seguimiento gubernamental IP en Meganoticias,"Apr 5, 2023",1095,11.38,,1,1,0,1,0,1,0,0,0,0,,0,0,0,0,,0,0,,0,0,,1,0.0346,0,0:02:04,2,50
HOzJ845Qf6M,Cursos de Formaci√≥n IdeaPa√≠s,"Sep 3, 2012",99,,,0,,,,,,,,,,,,,,,,,,,,,,,,,,2,0
HQ_1U8tKt74,Lanzamiento del estudio ‚ÄúZoom a la clase media chilena‚Äù,"Jul 25, 2024",3567,,,0,,,,,,,,,,,,,,,,,,,,,,,,,,1,0
HTN3UhkAXMM,Lanzamiento Por el bienestar de las familias de Chile: Propuestas dela generaci√≥n sub40 para el 2030,"Mar 28, 2025",4202,,,0,,,,,,,,,,,,,,,,,,,,,,,,,,2,0
HTf8X407iUU,Cursos IdeaPa√≠s 2012 - Invitaci√≥n de Mat√≠as Petersen,"Aug 8, 2012",47,81.99,,2,1,2,0,0,0,0,0,0,0,,0,0,0,0,,0,0,,0,0,,2,0.0214,0,0:00:38,6,16.67
HXwuKLE22Nk,Francisca Figueroa conversa en @T13_cl sobre las primarias y el triunfo de Jeannette Jara,"Jul 4, 2025",524,,,0,,,,,,,,,,,,,,,,,,,,,,,,,,5,0
HZdmuQH8UQ8,Te Cuento: Estado Social y Democr√°tico de Derecho,"Jul 15, 2023",73,,,0,,,,,,,,,,,,,,,,,,,,,,,,,,3,0
H_OzMGkZe04,Elecciones 2021: Conclusiones y proyecciones,"Nov 25, 2021",4476,,,0,,,,,,,,,,,,,,,,,,,,,,,,,,2,0
HhKd37pf9TU,"Contingencia pol√≠tica: Art√©s, Kast y Bachelet en la ONU | Emilia Garc√≠a en CNN Chile","Sep 26, 2025",1420,1.12,,2,1,2,0,0,0,0,0,0,0,,0,0,0,0,,0,0,,0,0,,2,0.0088,0,0:00:15,20,5
Hl_Yzt7srck,Javiera Corval√°n en Radio Agricultura sobre el Programa de Acompa√±amiento a la Identidad de G√©nero,"Nov 28, 2025",1055,1.99,,5,1.2,3,2,0,2,0,0,0,0,,0,0,0,0,,0,0,,0,0,,6,0.0349,0,0:00:20,23,4.35
Hlvv_T55FPM,Emilia Garc√≠a analiza libertad de sicario y multas por no votar | Voces del Poder ‚Äì CNN Chile,"Jul 18, 2025",1600,,,0,,,,,,,,,,,,,,,,,,,,,,,,,,7,0
HmKksCIpSJ4,CNN Chile | Emilia Garc√≠a comenta la tensi√≥n entre Jara y Montes y el programa de la candidata,"Oct 29, 2025",1426,,,0,,,,,,,,,,,,,,,,,,,,,,,,,,36,0
HmUe3mMhtfM,√Ålvaro Ferrer en Cursos IdeaPa√≠s,"Sep 28, 2011",33,,,0,,,,,,,,,,,,,,,,,,,,,,,,,,13,0
IBeJckkDfoY,Mujer y corresponsabilidad - Emilia Garc√≠a,"Sep 12, 2020",116,29.41,,8,1.25,3,5,4,1,0,0,0,0,,0,0,0,0,,0,0,,0,0,,10,0.0948,0,0:00:34,270,2.59
IH-fr-VfnXU,"Nicol√°s Le√≥n ""Embarazo Vulnerable debe ser el piso m√≠nimo para discutir sobre aborto""","Jun 22, 2015",100,,,0,,,,,,,,,,,,,,,,,,,,,,,,,,1,0
ITbMrh0msyk,Am√©rica Castillo analiza el debate presidencial en T13 Noche,"Dec 12, 2025",526,0.35,,1,1,0,1,0,1,0,0,0,0,,0,0,0,0,,0,0,,0,0,,1,0.0005,0,0:00:01,38,2.63
IZImdIBxvmc,Diego Schalper en Terra Tv: Hambreak,"Jul 30, 2013",1217,7.28,,1,1,1,0,0,0,0,0,0,0,,0,0,0,0,,0,0,,0,0,,1,0.0246,0,0:01:28,4,25
Ia-uqbXYCeg,Socialcristianismo y Econom√≠a - Entrevista a Joseph Kaboski,"Jun 20, 2018",1199,0.56,,2,1,2,0,0,0,0,0,0,0,,0,0,0,0,,0,0,,0,0,,2,0.0037,0,0:00:06,12,8.33
Ie9LNvUHtvA,Debate Diego Schalper y Luis Larra√≠n sobre Uniones de Hecho parte 2,"Jul 14, 2011",900,,,0,,,,,,,,,,,,,,,,,,,,,,,,,,4,0
IsTT0rFsUUE,Cristi√°n Stewart analiza jornada de elecciones en Emol TV,"Nov 22, 2021",1233,,,0,,,,,,,,,,,,,,,,,,,,,,,,,,32,0
IuMGP8vHNMg,Magdalena Vergara y la educaci√≥n en la nueva Constituci√≥n en 24 Horas,"May 13, 2022",329,,,0,,,,,,,,,,,,,,,,,,,,,,,,,,1,0
J3gKmu6-4Kc,[INDISPENSABLES] Cap√≠tulo 1: Conceptos B√°sicos,"Mar 21, 2022",156,,,0,,,,,,,,,,,,,,,,,,,,,,,,,,11,0
JKWg6B2vW74,Santiago Acosta - Mesa de An√°lisis T13Noche sobre la nominaci√≥n de Michelle Bachelet a la ONU,"Sep 26, 2025",597,,,0,,,,,,,,,,,,,,,,,,,,,,,,,,7,0
JcZ-nztZ98k,"Lanzamiento ""Gonzalo Vial. Pol√≠tica y crisis social""","Oct 22, 2020",5607,9.6,,2,1.5,0,2,1,1,0,0,0,0,,0,0,0,0,,0,0,,0,0,,3,0.4487,0,0:08:58,12,0
Jd9SOdQ2CxY,"IdeaPa√≠s: ‚ÄúUna revoluci√≥n del esp√≠ritu...""","Apr 3, 2019",1731,,,0,,,,,,,,,,,,,,,,,,,,,,,,,,1,0
Jm29-kXsY98,Foro IP con Ignacio Briones.,"Oct 15, 2019",3665,,,0,,,,,,,,,,,,,,,,,,,,,,,,,,1,0
K7n1CxcL9vI,"Sebasti√°n R√≠os, Gerente General Pucobre","Dec 7, 2011",34,70.82,,4,1,4,0,0,0,0,0,0,0,,0,0,0,0,,0,0,,0,0,,4,0.0268,0,0:00:24,26,7.69
KV_fQSs2VpU,Tres razones para mantener la bicameralidad,"Jul 3, 2021",73,,,0,,,,,,,,,,,,,,,,,,,,,,,,,,7,0
KbTG1NcEafw,Cursos de formaci√≥n IdeaPa√≠s - Diego Schalper.,"Aug 24, 2013",109,,,0,,,,,,,,,,,,,,,,,,,,,,,,,,1,0
KbiVJbmnlt8,Am√©rica Castillo en @T13_cl Noche sobre el reajuste en el presupuesto y la carrera presidencial,"Sep 11, 2025",529,,,0,,,,,,,,,,,,,,,,,,,,,,,,,,7,0
Kh6r87Zmu5c,Participaci√≥n de Magdalena Vergara en la Comisi√≥n de Educaci√≥n de la C√°mara de Diputados,"Jul 30, 2024",1888,,,0,,,,,,,,,,,,,,,,,,,,,,,,,,5,0
KiMde6IGS9U,Claves del escenario post elecciones: an√°lisis de Mat√≠as Riveros en Radio Orocoipo,"Nov 20, 2025",689,2.97,,1,1,1,0,0,0,0,0,0,0,,0,0,0,0,,0,0,,0,0,,1,0.0057,0,0:00:20,18,5.56
Kw-7qTEKXUw,Foro IP con √ìscar Landerretche,"Oct 16, 2019",4047,2.58,,2,1,0,2,2,0,0,0,0,0,,0,0,0,0,,0,0,,0,0,,2,0.0579,0,0:01:44,85,2.35
KydbunHSPUw,Javiera Corval√°n en @T13_cl se refiere al proyecto de ley que legaliza el aborto el Chile,"Jun 3, 2025",603,,,0,,,,,,,,,,,,,,,,,,,,,,,,,,7,0
L-nBXLGP0mU,Lecciones de la renovaci√≥n socialista - Chile a 50 a√±os del golpe. Ciclo de formaci√≥n IdeaPa√≠s.,"Aug 25, 2023",4823,,,0,,,,,,,,,,,,,,,,,,,,,,,,,,7,0
L4yHIwPPuHI,Al gobierno se le dio la opci√≥n de dialogar en pensiones,"Jan 26, 2024",41,,,0,,,,,,,,,,,,,,,,,,,,,,,,,,3,0
LJ1uiG-KhJo,Feria del Libro de √ëu√±oa - Lanzamiento #dondeestaelrelato,"Jan 17, 2012",121,,,0,,,,,,,,,,,,,,,,,,,,,,,,,,1,0
LQtkRvB7-wI,Migraci√≥n en la frontera con Per√∫: Santiago Acosta en Radio Agricultura,"Dec 11, 2025",555,4.83,,1,1,1,0,0,0,0,0,0,0,,0,0,0,0,,0,0,,0,0,,1,0.0074,0,0:00:26,28,3.57
LfEVSlxlCwI,Ciclo Constitucional - La institucionalidad econ√≥mica,"Oct 9, 2020",4601,,,0,,,,,,,,,,,,,,,,,,,,,,,,,,4,0
LmjuJUBZezY,Antonio Correa en Bienvenidos de Canal 13,"May 16, 2018",4723,,,0,,,,,,,,,,,,,,,,,,,,,,,,,,10,0
LpxJmsDp8VQ,Sonido P√∫blico,"Sep 30, 2020",98,6.99,,1,1,1,0,0,0,0,0,0,0,,0,0,0,0,,0,0,,0,0,,1,0.0019,0,0:00:06,5,20
LqNLYJT9YfI,Kevin Canales en @canal9biobiotv - ¬øCu√°nto ha cumplido el Gobierno del presidente Boric?,"Jun 3, 2025",837,,,0,,,,,,,,,,,,,,,,,,,,,,,,,,6,0
Lyefff3rwfE,"El Tip√≥grafo acompa√±√°ndonos en Elijo 2023 ""Encuentro de L√≠deres J√≥venes""","Jun 20, 2023",479,,,0,,,,,,,,,,,,,,,,,,,,,,,,,,1,0
M1rN8g-5xfE,Santiago Acosta conversa sobre los referentes de la centroderecha en Chile,"Jul 2, 2025",4074,7.03,,1,1,1,0,0,0,0,0,0,0,,0,0,0,0,,0,0,,0,0,,1,0.0796,0,0:04:46,20,0
M4r8oXzeZpA,Presupuesto 2024: Finanzas p√∫blicas en alerta,"Nov 15, 2024",83,,,0,,,,,,,,,,,,,,,,,,,,,,,,,,2,0
M6aJAt7Hnck,"Jorge Correa Sutil, Lucia Dammert y Pablo Urquizar: Desaf√≠os de Seguridad P√∫blica en Chile","Jun 19, 2024",4903,0.13,,2,1,1,1,0,1,0,0,0,0,,0,0,0,0,,0,0,,0,0,,2,0.0035,0,0:00:06,11,0
MccMXODSLWo,La Escuela Pol√≠tica - Joaqu√≠n Garc√≠a Huidobro: Bencina y pasto seco: el 18 de octubre en perspectiva,"Aug 21, 2024",4849,28.21,,4,1,3,1,0,1,0,0,0,0,,0,0,0,0,,0,0,,0,0,,4,1.5199,0,0:22:47,37,8.11
MnjNNzkldpA,Ramon Berrios,"Sep 29, 2011",43,,,0,,,,,,,,,,,,,,,,,,,,,,,,,,3,0
Mq_SSpaukEc,La Br√∫jula - martes 05 de marzo de 2024,"Mar 6, 2024",2966,,,0,,,,,,,,,,,,,,,,,,,,,,,,,,3,0
MyJ1wB_6wUo,Sherif Girgis expone en UNAB,"May 30, 2012",186,,,0,,,,,,,,,,,,,,,,,,,,,,,,,,1,0
N1QjYCFDL1c,¬øQu√© riesgos hay en la discusi√≥n legislativa sobre la eutanasia?,"Jul 24, 2025",167,,,0,,,,,,,,,,,,,,,,,,,,,,,,,,21,0
N6qrgNxg498,Lanzamiento ll¬∞ edici√≥n Gonzalo Vial Correa: Pol√≠tica y Crisis Social,"Jan 15, 2024",4693,3.99,,2,1,0,2,1,1,0,0,0,0,,0,0,0,0,,0,0,,0,0,,2,0.1041,0,0:03:07,51,1.96
NCip9sBZ2yk,Santiago Acosta analiza en T13 Finde la tensi√≥n entre Venezuela y EE.UU.,"Dec 11, 2025",591,14.97,,9,1.1111,9,0,0,0,0,0,0,0,,0,0,0,0,,0,0,,0,0,,10,0.2457,0,0:01:28,78,2.56
NQEG9dQgXBk,IdeaPaiÃÅs Biobio,"Feb 3, 2025",637,,,0,,,,,,,,,,,,,,,,,,,,,,,,,,1,0
NevOqis9oSQ,Am√©rica Castillo analiza la recta final de la campa√±a electoral en T13 Noche,"Nov 7, 2025",495,,,0,,,,,,,,,,,,,,,,,,,,,,,,,,10,0
NgpgOk-7jW4,Respondiendo a Camila Vallejo,"Apr 24, 2024",68,68.76,,1,3,0,1,0,1,0,0,-1,0,100,0,0,0,0,,0,0,,0,0,,3,0.039,0,0:00:46,12,0
Niqjih0kCmk,Ex Alumnos IdeaPa√≠s #5A√±osIdeaPa√≠s,"Nov 17, 2015",152,2.72,,1,1,1,0,0,0,0,0,0,0,,0,0,0,0,,0,0,,0,0,,1,0.0012,0,0:00:04,7,14.29
NpCM9gbkAJM,Jose Manuel Cuadro conversa en Emol TV sobre la elecci√≥n del nuevo papa Le√≥n XIV.,"May 20, 2025",1091,0.93,,1,1,1,0,0,0,0,0,0,0,,0,0,0,0,,0,0,,0,0,,1,0.0028,0,0:00:10,20,5
NsJyCXqj3dM,Cristian Stewart en Pa√≠s de @adnradio conversa sobre pol√≠tica nacional e internacional,"Oct 3, 2025",3407,,,0,,,,,,,,,,,,,,,,,,,,,,,,,,10,0
NwL3ZPjwnmE,Elecciones en Bolivia en el foco: s√≠ntomas de cambio en Am√©rica Latina,"Nov 3, 2025",1445,2.17,,1,1,0,1,1,0,0,0,0,0,,0,0,0,0,,0,0,,0,0,,1,0.0087,0,0:00:31,23,4.35
O0PK8ZAzErA,"Cristi√°n Loewe en Mesa de An√°lisis T13 Noche ""Las Consecuencias del caso fundaciones""","Jul 5, 2023",649,,,0,,,,,,,,,,,,,,,,,,,,,,,,,,2,0
O9meZ1-bEz8,Cristi√°n Stewart en ADN Radio: ¬øCampa√±as sucias contra Evelyn Matthei?,"Jul 23, 2025",2493,,,0,,,,,,,,,,,,,,,,,,,,,,,,,,6,0
O9oZAVkPJxc,Santiago Acosta analiza el ataque a embarcaci√≥n venezolana en T13,"Sep 4, 2025",873,38.91,,2,1,0,2,2,0,0,0,0,0,,0,0,0,0,,0,0,,0,0,,2,0.1887,0,0:05:39,20,0
OBfDCbQIjCQ,Cristi√°n Stewart analiza el caso ProCultura - Radio Pauta,"May 13, 2025",1444,,,0,,,,,,,,,,,,,,,,,,,,,,,,,,7,0
OQ3gghctonI,SINTESIS PODCAST [Cap 1] Comunidad: La palabra que falta,"Nov 29, 2022",2213,0.07,,1,1,0,1,0,1,0,0,0,0,,0,0,0,0,,0,0,,0,0,,1,0.0004,0,0:00:01,3,0
OQKl-WGazbw,Kevin Canales en @soyelconquistador se refiere a los resultados de las elecciones presidenciales,"Dec 22, 2025",944,21.28,,4,1.25,1,3,2,1,0,0,0,0,,0,0,0,0,,0,0,,0,0,,5,0.279,0,0:03:20,68,1.47
OR-HqaIBDJc,Mat√≠as Petersen en Cursos IdeaPa√≠s,"Jul 11, 2012",38,,,0,,,,,,,,,,,,,,,,,,,,,,,,,,2,0
Oezk-sg2IRM,Gonzalo Blumel y Natalia Piergentili: El legado pol√≠tico de Sebasti√°n Pi√±era,"Mar 27, 2024",4767,,,0,,,,,,,,,,,,,,,,,,,,,,,,,,5,0
OfZPs5lV3MY,Caso Convenios: ¬øUn patr√≥n internacional?,"May 30, 2025",225,,,0,,,,,,,,,,,,,,,,,,,,,,,,,,5,0
Oh06IE9Kgwo,PRESIDENTE VS CONGRESO,"Dec 5, 2020",4463,,,0,,,,,,,,,,,,,,,,,,,,,,,,,,2,0
OlbA_hGvmts,Derecho sociales y metas solidarias - Pablo Valderrama,"Sep 12, 2020",105,31.24,,1,1,0,1,1,0,0,0,0,0,,0,0,0,0,,0,0,,0,0,,1,0.0091,0,0:00:32,2,50
OnRIXObk48M,Magdalena Vergara en la C√°mara de Diputados,"Apr 7, 2017",765,,,0,,,,,,,,,,,,,,,,,,,,,,,,,,2,0
OwW2VhKpvn8,An√°lisis sin filtro: Juan Pablo Lira en ADN Radio,"Jun 5, 2025",2317,,,0,,,,,,,,,,,,,,,,,,,,,,,,,,17,0
PGFNrfuAnLw,Cristi√°n Stewart sobre el derecho a la vivienda digna y adecuada,"May 30, 2022",283,,,0,,,,,,,,,,,,,,,,,,,,,,,,,,2,0
PJBmpjlJf1U,Debate Uniones de Hecho: Claudio Alvarado junto a Rolando Jim√©nez parte 2,"Jul 13, 2011",892,,,0,,,,,,,,,,,,,,,,,,,,,,,,,,1,0
PVJ24_iOSYE,Estallido Social,"Jan 22, 2021",7487,,,0,,,,,,,,,,,,,,,,,,,,,,,,,,10,0
PbFZOOg0XsM,La quinta sesi√≥n de la Escuela Pol√≠tica -  Terapias Genero-Afirmativas NNA,"Sep 6, 2024",6835,,,0,,,,,,0,0,-1,0,100,0,0,0,0,,0,0,,0,0,,0,0,0,,5,0
PbLQQvTni8Q,Emilia Garc√≠a conversa en @cnnchile sobre las primarias y las pr√≥ximas presidenciales en Chile,"Jul 2, 2025",1653,11.47,,1,1,1,0,0,0,0,0,0,0,,0,0,0,0,,0,0,,0,0,,1,0.0527,0,0:03:09,9,0
Q416PnX6Od4,Legado del Papa Francisco tras 12 a√±os de pontificado,"Apr 29, 2025",83,77.11,,1,1,1,0,0,0,0,0,0,0,,0,0,0,0,,0,0,,0,0,,1,0.0178,0,0:01:04,4,0
Q5pGUnUQX14,Am√©rica Castillo analiza la contingencia pol√≠tica en T13 Noche,"Oct 23, 2025",521,13.74,,8,1.25,7,1,1,0,0,0,0,0,,0,0,0,0,,0,0,,0,0,,10,0.1988,0,0:01:11,45,17.78
QNoq6n9ke-w,Te Cuento: Informe de seguimiento a la gesti√≥n del Gobierno Regional O'Higgins.,"Aug 5, 2023",103,,,0,,,,,,,,,,,,,,,,,,,,,,,,,,1,0
Qg4WSOGRgvQ,Propuestas Constitucionales,"Sep 24, 2020",86,73.53,,1,1,0,1,1,0,0,0,1,0,100,0,0,0,0,,0,0,,0,0,,1,0.0176,0,0:01:03,4,0
QgBvjypivHA,PREGUNTAS Y RESPUESTAS CON: SEBASTI√ÅN SOTO,"Jun 3, 2020",836,,,0,,,,,,,,,,,,,,,,,,,,,,,,,,9,0
QhjJst5hquE,IdeaPa√≠s en Los Lagos: Debate de candidatos a Gobernador Regional,"Oct 16, 2024",5298,11.46,,1,1,1,0,0,0,0,0,0,0,,0,0,0,0,,0,0,,0,0,,1,0.1687,0,0:10:07,2,0
Qijgzf-8ajg,Gonzalo Letelier en Cursos IdeaPa√≠s,"Jun 18, 2012",53,118.73,,2,1,2,0,0,0,0,0,0,0,,0,0,0,0,,0,0,,0,0,,2,0.035,0,0:01:02,9,0
Qk9ET4jg4B4,"[LA ESCUELA POL√çTICA, SESI√ìN 2: ¬øQU√â ES EL BIEN HUMANO?]","Nov 2, 2022",134,14.85,,1,3,0,1,0,1,0,0,0,0,,0,0,0,0,,0,0,,0,0,,3,0.0166,0,0:00:19,13,0
QxVbnzPcLsU,Cristi√°n Stewart en Radio BioB√≠o: Seguimiento Gubernamental,"Apr 2, 2025",1637,0.6,,1,1,0,1,0,1,0,0,0,0,,0,0,0,0,,0,0,,0,0,,1,0.0027,0,0:00:09,8,0
RBpbF0Gz97w,Sherif Girgis y l√≠deres pol√≠ticos exponen en UC,"Jun 7, 2012",120,,,0,,,,,,,,,,,,,,,,,,,,,,,,,,1,0
RKf32UqG8eI,Emilia Garc√≠a analiza el debate presidencial en T13 Radio,"Dec 11, 2025",2226,1.98,,13,1.1538,7,6,6,0,0,0,0,0,,0,0,0,0,,0,0,,0,0,,15,0.1834,0,0:00:44,202,1.98
ROPkTu1kvJc,"[üéôHoja en Blanco] Sylvia Eyzaguirre ""Convenci√≥n y presidenciables""","Aug 10, 2021",1430,3.35,,2,1,2,0,0,0,0,0,0,0,,0,0,0,0,,0,0,,0,0,,2,0.0266,0,0:00:47,9,0
RSdZgKrEZCg,R√©gimen de Gobierno,"Mar 29, 2021",4428,,,0,,,,,,,,,,,,,,,,,,,,,,,,,,3,0
RXOd5k_AT5A,El 11 de Septiembre en prespectiva - Chile a 50 a√±os del golpe. Ciclo de formaci√≥n IdeaPais.,"Sep 14, 2023",3627,,,0,,,,,,0,0,0,0,,0,0,0,0,,0,0,,0,0,,0,0,0,,4,0
RvwIsXvJiO8,Seminario: Desarrollo Humano - IdeaPa√≠s,"Sep 22, 2016",56,,,0,,,,,,,,,,,,,,,,,,,,,,,,,,2,0
SIvQtR3w24I,Podcast Sonido P√∫blico #4: Entre Sabores y Tradici√≥n ‚Äì La Pasi√≥n de Mat√≠as Arteaga por lo Chileno,"Jun 25, 2025",2255,3.68,,1,1,0,1,1,0,0,0,0,0,,0,0,0,0,,0,0,,0,0,,1,0.0231,0,0:01:23,31,0
SOoRiMliwbs,Cristi√°n Stewart en Radio Pauta: An√°lisis Caso ProCultura,"May 23, 2025",1268,,,0,,,,,,,,,,,,,,,,,,,,,,,,,,19,0
SP7GHfLkOtg,Foro IP con Patrick Deneen,"Jul 10, 2019",4063,1.55,,2,1,2,0,0,0,0,0,0,0,,0,0,0,0,,0,0,,0,0,,2,0.0349,0,0:01:02,35,2.86
SV0z3QrP1JQ,"Emilia Garc√≠a en Mesa Central @T13_cl Radio, conversa sobre la contingencia nacional","Dec 10, 2025",1939,5.33,,67,1.1045,50,17,17,0,0,0,0,0,,0,0,0,0,,0,0,,0,0,,74,2.1244,0,0:01:43,595,7.06
SYNCzWPpfh8,Fact o fake Constitucional 13: Derogaci√≥n ley de aborto,"Dec 8, 2023",82,,,0,,,,,,,,,,,,,,,,,,,,,,,,,,1,0
SfgZpj_wWSw,Francisca Figueroa en Radio Pauta,"Feb 3, 2025",1306,,,0,,,,,,,,,,,,,,,,,,,,,,,,,,1,0
SsQ7hRQWHHk,Fact o fake Constitucional 14: Contribuciones,"Dec 12, 2023",90,,,0,,,,,,,,,,,,,,,,,,,,,,,,,,2,0
SwcMNOQIXk8,Seguridad y debate presidencial: la mirada de Emilia Garc√≠a en T13 Radio,"Sep 16, 2025",2359,1.3,,67,1.1791,44,23,23,0,0,0,0,0,,0,0,0,0,,0,0,,0,0,,79,0.6725,0,0:00:30,985,7.51
SwcbZVhk3Mo,"Emilia Garcia, directora de Estudios de IdeaPa√≠s, en Voces del Poder CNN Chile","May 7, 2025",1626,4.84,,24,1.0417,18,6,6,0,0,0,0,0,,0,0,0,0,,0,0,,0,0,,25,0.546,0,0:01:18,50,4
T3kfMhijnis,IP Venezuela en el Foco,"Aug 23, 2024",3143,,,0,,,,,,,,,,,,,,,,,,,,,,,,,,1,0
T8AHnfyxb6Y,Emilia Garc√≠a en T13 Noche: Caso ProCultura,"May 16, 2025",557,14.59,,3,1.3333,1,2,2,0,0,0,0,0,,0,0,0,0,,0,0,,0,0,,4,0.0903,0,0:01:21,170,1.76
T8QzaEIYhB4,Te Cuento: Casen 2022,"Aug 17, 2023",94,,,0,,,,,,,,,,,,,,,,,,,,,,,,,,1,0
TKGIaiui8_w,alejandro romero,"Sep 1, 2011",16,,,0,,,,,,,,,,,,,,,,,,,,,,,,,,3,0
TQAFbhINqAE,Mexico en el Foco - Reforma Judicial: Riesgo para la democracia,"Oct 17, 2024",3996,,,0,,,,,,,,,,,,,,,,,,,,,,,,,,10,0
TbCROZZncPU,Kevin Canales en @RADIOMETROPOLITAN se refiere a la circular de la Superintendencia de Educaci√≥n,"Jan 20, 2026",1034,35.54,,7,1,4,3,0,3,0,0,1,0,100,0,0,0,0,,0,0,,0,0,,7,0.7145,0,0:06:07,393,0.25
Tc4fQlWE8aQ,Fact o fake Constitucional 2: Estado Social y Democr√°tico de Derecho,"Nov 15, 2023",89,74.96,,1,1,1,0,0,0,0,0,0,0,,0,0,0,0,,0,0,,0,0,,1,0.0185,0,0:01:06,1,0
TqPoDNOAnvI,IP Resumen Lanzamiento Ra√≠ces,"Jan 20, 2021",50,,,0,,,,,,,,,,,,,,,,,,,,,,,,,,21,0
TrNZn7pTBp8,Cristian Stewart en Pa√≠s ADN @adnradio,"Nov 21, 2025",2570,3.82,,1,1,1,0,0,0,0,0,0,0,,0,0,0,0,,0,0,,0,0,,1,0.0273,0,0:01:38,21,0
U0Vk2fe1MEg,Emilia Garc√≠a en An√°lisis Pol√≠tico junto a Tom√°s Leighton @T13_cl Radio,"Aug 29, 2025",2104,2.38,,98,1.1224,77,21,21,0,0,0,0,0,,0,0,0,0,,0,0,,0,0,,110,1.5282,0,0:00:50,1193,8.38
UJ-W-67sA38,"Emilia Garc√≠a en CNN Chile Radio: elecciones, oficialismo y el nuevo escenario pol√≠tico","Dec 26, 2025",1629,8,,40,1.125,28,12,10,2,0,0,0,0,,0,0,0,0,,0,0,,0,0,,45,1.6296,0,0:02:10,1100,3.36
UQNmKPlOSB4,Reporte de Perspectiva O‚ÄôHiggins | Entrevista a Mat√≠as Riveros en ERTVSi,"Sep 16, 2025",920,0.2,,1,1,0,1,0,1,0,0,0,0,,0,0,0,0,,0,0,,0,0,,1,0.0005,0,0:00:01,11,9.09
UR2xHhaDcUk,Kevin Canales en el Matinal ‚ÄúNuestra Casa‚Äù- Sistema de admisi√≥n a la educaci√≥n superior,"Feb 3, 2025",1179,,,0,,,,,,,,,,,,,,,,,,,,,,,,,,4,0
UUOWUAGNKkk,Javiera Corval√°n conversa en Radio Agricultura sobre natalidad y la protecci√≥n de la mujer,"Jul 29, 2025",2545,,,0,,,,,,,,,,,,,,,,,,,,,,,,,,5,0
UsqlQs3QfJw,Lanzamiento¬†Revista Ra√≠ces N¬∞2: Desaf√≠o Constitucional,"May 13, 2021",2318,,,0,,,,,,,,,,,,,,,,,,,,,,,,,,26,0
UylfasUHC6Q,[TE CUENTO: POSTNATAL PARENTAL],"Nov 15, 2022",74,72.23,,5,1.2,5,0,0,0,0,0,0,0,,0,0,0,0,,0,0,,0,0,,6,0.0891,0,0:00:53,35,14.29
V-auEj6Ysxg,[INDISPENSABLES] Cap√≠tulo 2: Servicialidad del Estado,"Apr 25, 2022",116,,,0,,,,,,,,,,,,,,,,,,,,,,,,,,9,0
V5nuRK4JZGo,Lanzamiento Revista Ra√≠ces N¬∫7: IdeaPa√≠s Los Lagos,"Mar 26, 2025",5575,,,0,,,,,,,,,,,,,,,,,,,,,,,,,,28,0
VGXFZXKPtdQ,Soledad juvenil y desaf√≠os pol√≠ticos: Emilia Garc√≠a en Mesa Central,"Jul 29, 2025",2062,2.41,,32,1.0938,20,12,12,0,0,0,0,0,,0,0,0,0,,0,0,,0,0,,35,0.484,0,0:00:49,465,2.37
VGxGL9X2R6w,La Br√∫jula Estudiantil 2025,"Jan 21, 2025",869,,,0,,,,,,,,,,,,,,,,,,,,,,,,,,5,0
VHExQRvgBx8,Lanzamiento Revista Ra√≠ces 5: Dilemas de la juventud,"Sep 4, 2023",5239,0.11,,1,1,1,0,0,0,0,0,0,0,,0,0,0,0,,0,0,,0,0,,1,0.0016,0,0:00:05,9,11.11
VMIuYqTaFYs,Javiera Corval√°n en ‚ÄúAl PizarroÃÅn‚Äù en Radio Agricultura: Maternidad subrogada,"May 13, 2025",1594,,,0,,,,,,,,,,,,,,,,,,,,,,,,,,6,0
VX96vY7-iEY,"Sembrando Futuro: Repensando la Educaci√≥n ""Innovaci√≥n y Paradigmas Emergentes en Chile y Argentina""","Oct 1, 2024",4749,,,0,,,,,,,,,,,,,,,,,,,,,,,,,,9,0
VjFSv6wXMmI,"[üéôHoja en Blanco]  Claudio Alvarado y la ""Tensi√≥n Constituyente""","Jul 26, 2021",1963,1.2,,1,1,1,0,0,0,0,0,0,0,,0,0,0,0,,0,0,,0,0,,1,0.0065,0,0:00:23,9,0
VjKb75xEYwE,"Nuevo curso de Formaci√≥n ""Pol√≠tica y ficci√≥n cinematogr√°fica""","Oct 19, 2011",80,,,0,,,,,,,,,,,,,,,,,,,,,,,,,,2,0
VqqopLb0Duk,Cristi√°n Stewart en T13 Radio: Analiza reuni√≥n Frei‚ÄìKast y la arista bielorrusa del Congreso,"Dec 12, 2025",1268,0,,1,1,0,1,1,0,0,0,0,0,,0,0,0,0,,0,0,,0,0,,1,0,0,0:00:00,41,0
W6FsC-6161k,Cuentas Claras #2 | ¬øEn qu√© gasta Chile sus recursos? Con Felipe Larra√≠n,"Dec 11, 2025",52,,,0,,,,,,,,,,,,,,,,,,,,,,,,,,1,0
WKwhUPdVikI,Mat√≠as Petersen,"Sep 28, 2011",41,,,0,,,,,,,,,,,,,,,,,,,,,,,,,,2,0
W_4tS5S-xjA,"Lanzamiento Revista Ra√≠ces N¬∞6: La Familia un bien p√∫blico, con Sergio Micco e Isabel Pl√°","May 16, 2024",3858,,,0,,,,,,,,,,,,,,,,,,,,,,,,,,28,0
Wfvr9q6eTqo,Podcast Sonido P√∫blico #3 Diego Rosales habla sobre el pulso ciudadano y el Chile de hoy,"May 14, 2025",2201,58.15,,1,3,0,1,1,0,0,0,0,0,,0,0,0,0,,0,0,,0,0,,3,1.0665,0,0:21:19,12,0
WlrhUZkY0kw,Lanzamiento Revista Ra√≠ces N¬∞8: Ideas de la Libertad,"May 16, 2025",4866,0.02,,2,1,2,0,0,0,0,0,0,0,,0,0,0,0,,0,0,,0,0,,2,0.0006,0,0:00:01,31,0
WrUDKpqXLMM,La solidaridad como principio - Magdalena Ortega,"Sep 15, 2020",105,,,0,,,,,,,,,,,,,,,,,,,,,,,,,,3,0
WwI_HwgZbZQ,La Br√∫jula- Capitulo 3,"Apr 26, 2023",2858,3.3,,1,1,1,0,0,0,0,0,0,0,,0,0,0,0,,0,0,,0,0,,1,0.0262,0,0:01:34,1,0
XAFhr-Z9gwQ,¬øCumpli√≥ o no?: Juan Pablo Lira analiza Seguimiento Gubernamental en La Tercera En Vivo,"Jun 6, 2025",1011,,,0,,,,,,,,,,,,,,,,,,,,,,,,,,9,0
XAi49OvyanA,¬øEst√° en crisis la seguridad en Chile? | Javiera Corval√°n en T13 Noche,"Jul 29, 2025",630,1.86,,1,1,0,1,1,0,0,0,0,0,,0,0,0,0,,0,0,,0,0,,1,0.0033,0,0:00:11,12,8.33
XMgzLSGx57Y,Lanzamiento Libro Solidaridad,"Nov 6, 2017",65,,,0,,,,,,,,,,,,,,,,,,,,,,,,,,2,0
XOM5C2gWgVY,IdeaPa√≠s O‚ÄôHiggins en Sextavision,"Dec 12, 2025",175,,,0,,,,,,,,,,,,,,,,,,,,,,,,,,28,0
XgBLqxeh9Bk,Macrozona Sur Abandonada,"Jun 11, 2022",59,,,0,,,,,,,,,,,,,,,,,,,,,,,,,,23,0
Xk_t9kjDqQk,Emprender con impacto social: la historia de Con Carnet en Sonido P√∫blico,"Aug 27, 2025",1588,,,0,,,,,,,,,,,,,,,,,,,,,,,,,,43,0
XlCQghnMviY,¬øQu√© le regalar√≠as a Chile este 18? - Voces de la Calle,"Sep 14, 2012",97,21.7,,1,1,1,0,0,0,0,0,0,0,,0,0,0,0,,0,0,,0,0,,1,0.0058,0,0:00:21,4,0
XsPccd2YgH0,Debate sobre feminizaci√≥n: la mirada de Emilia Garc√≠a en T13 Radio,"Jan 14, 2026",2390,28.84,,481,1.1809,402,79,71,8,1,0,6,2,75,18,16,0,0,,0,0,,0,0,,568,108.7465,1,0:11:29,1408,16.41
XvRqSMf2gkE,[INDISPENSABLES] Cap√≠tulo 3: Libertades y derechos fundamentales,"Jun 6, 2022",136,,,0,,,,,,,,,,,,,,,,,,,,,,,,,,9,0
Y7LAkcgNdg4,Contingencia y elecciones: Emilia Garc√≠a en CNN Chile Radio,"Oct 27, 2025",1430,1.77,,1,1,1,0,0,0,0,0,0,0,,0,0,0,0,,0,0,,0,0,,1,0.007,0,0:00:25,79,0
YGMtxlSAzCc,"CASA DE TODOS:  ""Principios constitucionales y Estado social de Derecho""","Jul 29, 2022",4945,,,0,,,,,,,,,,,,,,,,,,,,,,,,,,1,0
YXZIEqzJ8Zs,Mat√≠as Petersen,"Sep 28, 2011",41,,,0,,,,,,,,,,,,,,,,,,,,,,,,,,1,0
YZw5n-_wUKA,Cristian Stewart en Radio ADN: contingencia pol√≠tica y mirada hacia las presidenciales,"Aug 18, 2025",2395,,,0,,,,,,,,,,,,,,,,,,,,,,,,,,20,0
Yb1vHPRmCxQ,Magdalena Vergara en EmolTV,"Jul 5, 2017",900,5,,1,1,1,0,0,0,0,0,0,0,,0,0,0,0,,0,0,,0,0,,1,0.0125,0,0:00:45,4,25
Yjh6DZAva5s,Cristi√°n Stewart en Biob√≠o TV: Los ni√±os que no vemos,"Apr 30, 2025",60,,,0,,,,,,0,0,-1,0,100,0,0,0,0,,0,0,,0,0,,0,0,0,,69,0
YylAcXFcoj8,Emilia Garc√≠a en Radio ADN: la urgencia de enfrentar la crisis de natalidad en Chile,"Oct 10, 2025",1194,2.52,,2,1.5,1,1,1,0,0,0,0,0,,0,0,0,0,,0,0,,0,0,,3,0.025,0,0:00:30,27,3.7
Z-Vr7XXIWm0,Cristi√°n Loewe en Noticiero Central de Mega por Seguimiento de la Cuenta P√∫blica,"Jun 14, 2023",159,,,0,,,,,,,,,,,,,,,,,,,,,,,,,,1,0
Z6m7qBpSXns,"Diego Schalper en V√≠a P√∫blica, TVN 24Horas: Repercusiones tras la destituci√≥n de Beyer","Apr 18, 2013",2499,,,0,,,,,,,,,,,,,,,,,,,,,,,,,,1,0
ZWpx6EtUmDQ,La Escuela 2019,"Mar 5, 2020",65,,,0,,,,,,,,,,,,,,,,,,,,,,,,,,2,0
ZfQ96eJp99I,¬øQueÃÅ es IdeaPaiÃÅs?,"May 6, 2015",1448,0.83,,1,1,0,1,1,0,0,0,0,0,,0,0,0,0,,0,0,,0,0,,1,0.0033,0,0:00:12,6,16.67
ZipKfaGvwqI,[INDISPENSABLES] Cap√≠tulo 4: Equilibrio de poderes.,"Jul 14, 2022",241,40.38,,4,1.25,4,0,0,0,0,0,0,0,,0,0,0,0,,0,0,,0,0,,5,0.1352,0,0:01:37,49,10.2
_8QOlcymgMY,Am√©rica Castillo en @T13_cl conversa sobre la decisi√≥n de la DC de suspender la militancia de Frei,"Dec 4, 2025",556,7.37,,1,1,0,1,1,0,0,0,0,0,,0,0,0,0,,0,0,,0,0,,1,0.0114,0,0:00:41,29,3.45
_TGa1BGEV44,Cuentas Claras #1 | ¬øPor qu√© a Chile no le alcanzan sus ingresos?,"Nov 21, 2025",346,3.41,,2,1.5,0,2,0,2,0,0,0,0,,1,0,0,0,,0,0,,0,0,,3,0.0098,0,0:00:11,52,1.92
_c8z-WDcnIs,Cristi√°n Stewart en EmolTV: An√°lisis de la contingencia,"Apr 2, 2025",1836,,,0,,,,,,,,,,,,,,,,,,,,,,,,,,5,0
_jAeREiv1C8,"[LA ESCUELA POL√çTICA, SESI√ìN 3: ¬øQU√â ES EL BIEN COM√öN POL√çTICO?]","Nov 2, 2022",127,6.15,,2,1,0,2,1,1,0,0,0,0,,0,0,0,0,,0,0,,0,0,,2,0.0043,0,0:00:07,16,6.25
_zQKuoX0j0I,Campa√±a II Semestre curso Ideas y Discusiones del SXXI,"Aug 6, 2015",90,,,0,,,,,,,,,,,,,,,,,,,,,,,,,,1,0
aL4kH5RbZ7I,IdeaPa√≠s y Sherif Girgis en La Moneda,"Jun 11, 2012",73,,,0,,,,,,,,,,,,,,,,,,,,,,,,,,1,0
aTBTykH3lBg,Susana Roccatagliata,"Oct 3, 2011",386,24.6,,24,1,24,0,0,0,0,0,0,0,,0,0,0,0,,0,0,,0,0,,24,0.633,0,0:01:34,81,3.7
aTLRECnRekw,"Jaime Orpis, Senador","Dec 6, 2011",39,,,0,,,,,,,,,,,,,,,,,,,,,,,,,,2,0
aUs9JOasNB4,Intervenci√≥n Emilia Garc√≠a en el Senado,"Apr 28, 2025",1476,,,0,,,,,,,,,,,,,,,,,,,,,,,,,,42,0
at0txUX8B7c,Carlos Z√°rate en Inquietos por Chile,"Oct 22, 2018",22,97.27,,1,1,1,0,0,0,0,0,0,0,,0,0,0,0,,0,0,,0,0,,1,0.0059,0,0:00:21,50,2
azxcVJ1TmbI,ProMujer - Mariana Canales,"Sep 14, 2021",876,2.87,,2,1,1,1,1,0,0,0,0,0,,0,0,0,0,,0,0,,0,0,,2,0.014,0,0:00:25,1,0
b7fWRJkvmu0,Radiograf√≠a de la Familia en Chile,"Jun 20, 2012",86,53,,15,1.4667,13,2,2,0,0,0,0,0,,2,0,0,0,,0,0,,0,0,,22,0.2786,0,0:00:45,13,15.38
bD6WiUenHhQ,Jos√© Cuadro en @cnnchile se refiere al c√≥nclave para elegir al nuevo Papa,"May 8, 2025",1391,,,0,,,,,,,,,,,,,,,,,,,,,,,,,,6,0
bLtmTgWo1SE,Bolivia gira pol√≠ticamente: an√°lisis de Santiago Acosta en Radio Agricultura,"Oct 23, 2025",539,,,0,,,,,,,,,,,,,,,,,,,,,,,,,,19,0
bcMY-INeAeo,Te Cuento: Informalidad Laboral,"Apr 6, 2024",85,,,0,,,,,,,,,,,,,,,,,,,,,,,,,,1,0
beN_-m96AyY,Am√©rica Castillo analiza la agenda internacional de Kast y el debate por los ‚Äúamarres‚Äù | T13 Noche,"Dec 26, 2025",597,4.31,,14,1.2143,10,4,3,1,0,0,1,0,100,0,0,0,0,,0,0,,0,0,,17,0.1216,0,0:00:25,1176,1.02
c-Ya_jmRNwo,8 a√±os IdeaPa√≠s,"Apr 19, 2018",152,99.58,,1,1,0,1,0,1,0,0,0,0,,0,0,0,0,,0,0,,0,0,,1,0.042,0,0:02:31,2,50
c3EVEb820tQ,Amigos IdeaPa√≠s,"Sep 4, 2024",30,,,0,,,,,,,,,,,,,,,,,,,,,,,,,,8,0
c4srjHl5aU0,Am√©rica Castillo analiza los cierres de campa√±a de los candidatos presidenciales en @T13_cl Noche,"Nov 13, 2025",588,,,0,,,,,,,,,,,,,,,,,,,,,,,,,,12,0
c59xkc28iCE,C√°psula Formativa: La Solidaridad,"Jan 31, 2025",255,,,0,,,,,,,,,,,,,,,,,,,,,,,,,,1,0
c9D-VrzNzec,üá®üá¥ La tragedia repetida de Miguel Uribe Turbay: Por Santiago Acosta,"Aug 14, 2025",130,,,0,,,,,,,,,,,,,,,,,,,,,,,,,,84,0
cIi69CNMHY0,Dudas sobre los dos mensajes del Gobierno.,"Jun 5, 2024",86,,,0,,,,,,,,,,,,,,,,,,,,,,,,,,1,0
cJeU7id2zd4,Cristi√°n Stewart en Pa√≠s ADN de @adnradio se refiere a la actualidad nacional,"Nov 17, 2025",2228,,,0,,,,,,,,,,,,,,,,,,,,,,,,,,12,0
cVLfP7Rbmk8,ProMujer - Tania C√≥rdova,"Mar 22, 2021",1001,,,0,,,,,,,,,,,,,,,,,,,,,,,,,,10,0
cj58L1Qi_xo,Sembrando Futuro: Di√°logo Chile- Argentina,"Nov 28, 2024",3497,,,0,,,,,,,,,,,,,,,,,,,,,,,,,,10,0
dBzJwLMxzsU,Cristi√°n Stewart en Money Talks: La derecha desde una nueva mirada,"May 6, 2025",2301,14.17,,2,3.5,1,1,1,0,0,0,0,0,,0,0,0,0,,0,0,,0,0,,7,0.6338,0,0:05:25,119,3.36
dCvc6ECN79g,[PA√çS AL D√çA],"Jun 14, 2022",47,47.36,,1,1,0,1,0,1,0,0,0,0,,0,0,0,0,,0,0,,0,0,,1,0.0062,0,0:00:22,6,16.67
dKJSpnvFJr8,"Cristi√°n Stewart en Pauta ADN: migraci√≥n, PGU, debate presidencial y m√°s","Sep 16, 2025",3120,,,0,,,,,,,,,,,,,,,,,,,,,,,,,,11,0
dRycrrg8-tE,[JOSEFINA ARAOS EN IDEAPA√çS],"Sep 9, 2022",5459,7.06,,1,2,0,1,1,0,0,0,1,0,100,0,0,0,0,,0,0,,0,0,,2,0.2141,0,0:06:25,22,9.09
dTevm7fXINs,cursos ideapais 2011,"Aug 9, 2011",47,,,0,,,,,,,,,,,,,,,,,,,,,,,,,,7,0
daJOEfrJBPU,La Escuela en tiempos de coronavirus,"Apr 13, 2020",61,,,0,,,,,,,,,,,,,,,,,,,,,,,,,,2,0
dckl-9b_VgM,"El 4 de septiembre de 2022, Chile dijo NO a un proyecto refundacional que pon√≠a al pa√≠s en riesgo","Sep 4, 2025",85,,,0,,,,,,,,,,,,,,,,,,,,,,,,,,1,0
dtpVo0KTYo4,Cristi√°n Stewart analiza el debate presidencial en Radio ADN,"Dec 11, 2025",2527,,,0,,,,,,,,,,,,,,,,,,,,,,,,,,23,0
dupYFkqj_N4,"Debate de Alcaldes 2024, pensando en Marchig√ºe","Oct 17, 2024",4596,,,0,,,,,,,,,,,,,,,,,,,,,,,,,,5,0
dzbloKVUblE,Resumen La Escuela 2020,"Dec 11, 2020",83,,,0,,,,,,,,,,,,,,,,,,,,,,,,,,2,0
e7jrDPNjS2E,Am√©rica Castillo - Mesa de An√°lisis T13Noche sobre el esc√°ndalo tras el error en cuentas de luz,"Oct 16, 2025",547,,,0,,,,,,,,,,,,,,,,,,,,,,,,,,7,0
eQcHkfKXCgY,Memoria y reconciliaci√≥n en el Chile de hoy - Chile a 50 a√±os del golpe. Ciclo de Formaci√≥n IdeaPa√≠s,"Aug 23, 2023",4686,,,0,,,,,,,,,,,,,,,,,,,,,,,,,,4,0
eS5wwQ4f-4k,Kevin Canales en Canal 9 @BioBioChile analiza el efecto del voto obligatorio,"Dec 18, 2025",117,,,0,,,,,,,,,,,,,,,,,,,,,,,,,,59,0
eayfv_dx7sI,Pablo Valderrama e Iv√°n Suric en UCV Radio,"Oct 3, 2017",1361,,,0,,,,,,,,,,,,,,,,,,,,,,,,,,2,0
eoZ7jQkgBFw,Relaci√≥n entre Estado y libertad,"Dec 23, 2021",909,0.66,,1,1,1,0,0,0,0,0,0,0,,0,0,0,0,,0,0,,0,0,,1,0.0017,0,0:00:06,1,0
epsEXb6OKJ8,Santiago Acosta en Noticias Caracol Colombia,"Jul 30, 2024",1085,34.44,,1,1,1,0,0,0,0,0,0,0,,0,0,0,0,,0,0,,0,0,,1,0.1038,0,0:06:13,3,0
etgO79_4gNg,Francisca Figueroa en la Comisi√≥n de Educaci√≥n: propuestas para fortalecer la educaci√≥n p√∫blica,"Oct 21, 2025",646,2.37,,1,1,0,1,1,0,0,0,0,0,,0,0,0,0,,0,0,,0,0,,1,0.0042,0,0:00:15,11,9.09
f1_v5ddC8gA,Cuentas Claras #3 | ¬øQu√© tan grave es el d√©ficit de Chile?,"Dec 30, 2025",317,35.22,,30,1.0333,22,8,5,3,0,0,0,0,,0,0,0,0,,0,8,0,0,8,0,31,0.9614,0,0:01:51,564,2.84
fAhKupjp_ns,Enrique San Miguel - Foro IdeaPa√≠s CED,"Mar 25, 2012",159,2.31,,1,1,1,0,0,0,0,0,0,0,,0,0,0,0,,0,0,,0,0,,1,0.001,0,0:00:03,2,0
fE9zmdI0daQ,T13 | Santiago Acosta comenta las reacciones al triunfo de Milei,"Oct 29, 2025",445,16.06,,1,1,1,0,0,0,0,0,0,0,,0,0,0,0,,0,0,,0,0,,1,0.0199,0,0:01:11,29,3.45
fJQaxyZ0oTs,[MAGDALENA VERGARA EN IDEAPA√çS],"May 9, 2022",32,,,0,,,,,,0,0,0,0,,0,0,0,0,,0,0,,0,0,,1,0,0,,10,0
fOZA9sMdhTw,"T13 PAES 2024 - Investigadora de IdeaPa√≠s, Francisca Figueroa","Jan 16, 2025",664,39.97,,2,1.5,2,0,0,0,0,0,-1,0,100,0,0,0,0,,0,0,,0,0,,3,0.2212,0,0:04:25,41,7.32
fUMO8dOX9z0,"Familia y ni√±ez: claves para enfrentar la violencia. Kevin Canales, director regional IP Biob√≠o","May 12, 2025",73,,,0,,,,,,,,,,,,,,,,,,,,,,,,,,7,0
frmBR4gJYVQ,Juan Pablo Lira conversa en @adnradio sobre la pol√≠tica chilena y las pr√≥ximas elecciones,"Jul 11, 2025",2831,,,0,,,,,,,,,,,,,,,,,,,,,,,,,,6,0
g-6P-VZ7zA8,"[TIEMPO CONSTITUCI√ìN, CAROL BOWN Y ALVIN SALDA√ëA]","Aug 8, 2022",2424,,,0,,,,,,,,,,,,,,,,,,,,,,,,,,9,0
g25fXWOOshs,[RECOMENDACIONES DE LA COMISI√ìN DE VENECIA],"Jun 20, 2022",126,,,0,,,,,,,,,,,,,,,,,,,,,,,,,,3,0
g2oQ33k8340,¬øQu√© est√° pasando dentro de los liceos emblem√°ticos? Alejandro Antilef nos cuenta su experiencia,"Aug 13, 2025",1633,5.94,,3,1.3333,3,0,0,0,0,0,0,0,,0,0,0,0,,0,0,,0,0,,4,0.1078,0,0:01:36,75,4
g7-e-6eaWCo,Magdalena Vergara en TVN,"Jul 13, 2022",347,,,0,,,,,,,,,,,,,,,,,,,,,,,,,,4,0
gBpImFn7tKw,Debate Uniones de Hecho: Claudio Alvarado junto a Rolando Jim√©nez parte 1,"Jul 13, 2011",901,,,0,,,,,,,,,,,,,,,,,,,,,,,,,,6,0
gCHmB1Oit6M,Econom√≠a Social de Mercado en Chile: ¬øMito o realidad?,"Nov 13, 2013",28,,,0,,,,,,,,,,,,,,,,,,,,,,,,,,2,0
gG3upsB-xig,Invitaci√≥n al Encuentro de L√≠deres J√≥venes en Biob√≠o | Kevin Canales en Canal 9,"Nov 7, 2025",255,,,0,,,,,,,,,,,,,,,,,,,,,,,,,,10,0
g_NtgbOOF24,¬øReelecci√≥n sin l√≠mites en El Salvador? | Santiago Acosta en El Mundo Hoy - T13,"Aug 8, 2025",488,4.18,,3,1,3,0,0,0,0,0,0,0,,0,0,0,0,,0,0,,0,0,,3,0.017,0,0:00:20,33,0
gtVMFzJpv_Y,[ALDO MARCARE√ëO Y MANFRED SVENSSON EN IDEAPA√çS],"Sep 1, 2022",4781,0.27,,16,1.0625,14,2,2,0,0,0,0,0,,0,0,0,0,,0,0,,0,0,,17,0.0618,0,0:00:13,11,9.09
hVDDtxqt4Gk,¬øEn qu√© te fijas para elegir un candidato? - Voces de la Calle,"Oct 18, 2012",101,,,0,,,,,,,,,,,,,,,,,,,,,,,,,,1,0
hYEz2TCzmD0,Emilia Garc√≠a en ‚ÄúHablemos a las 12‚Äù de T13,"Apr 14, 2025",1578,4.53,,11,1,5,6,6,0,0,0,0,0,,0,0,0,0,,0,0,,0,0,,11,0.2183,0,0:01:11,88,2.27
hnb4CarR7zM,IdeaPa√≠s: Rodrigo Vald√©s,"Jun 7, 2019",3851,,,0,,,,,,,,,,,,,,,,,,,,,,,,,,3,0
ht9PW54d6Po,Juan Pablo Lira analiza la contingencia pol√≠tica en CNN Chile Radio,"Aug 14, 2025",1357,,,0,,,,,,,,,,,,,,,,,,,,,,,,,,6,0
hy--RXchkTE,[PODER JUDICIAL VS SISTEMA NACIONAL DE JUSTICIA],"Jul 16, 2022",140,,,0,,,,,,,,,,,,,,,,,,,,,,,,,,1,0
i2xB_UiCtRs,"Jose Cuadro, coordinador editorial de IdeaPa√≠s, conversa sobre el c√≥nclave para elegir al nuevo Papa","May 8, 2025",667,,,0,,,,,,,,,,,,,,,,,,,,,,,,,,8,0
i8YesO-MbMM,IPBB Medios KC,,1004,0.32,,1,1,0,1,0,1,0,0,0,0,,0,0,0,0,,0,0,,0,0,,1,0.0009,0,0:00:03,0,
iJa9v4zH-Jk,PREGUNTAS Y RESPUESTAS CON: PAULINA NU√ëEZ,"Apr 29, 2020",497,,,0,,,,,,,,,,,,,,,,,,,,,,,,,,1,0
iPWdfeE2RKI,Jorge Hagedorn en Radio Infinita (23/07/2021),"Jul 28, 2021",569,,,0,,,,,,,,,,,,,,,,,,,,,,,,,,1,0
igpFCldYZmU,"Elecciones 2025: ¬øQu√© pasa con Matthei, Kast y el comando de Jara?","Aug 7, 2025",572,,,0,,,,,,,,,,,,,,,,,,,,,,,,,,5,0
iwMXZEIpfX0,Estados Unidos en el Foco. Trump Vs. Harris: Posibles escenarios y consecuencias para Am√©rica Latina,"Oct 30, 2024",3404,,,0,,,,,,,,,,,,,,,,,,,,,,,,,,12,0
j68wplG-h4s,Cristi√°n Stewart en Emol TV se refiere al programa Futuro P√∫blico,"Dec 22, 2025",1113,25.4,,28,1.4643,22,6,4,2,0,0,0,0,,2,0,0,0,,0,0,,0,0,,41,3.2199,0,0:04:42,547,4.75
j7DMuRO6eZ4,Magdalena Vergara en Mesa de AnaÃÅlisis T13 Noche,"Jul 10, 2024",654,1.1,,1,1,1,0,0,0,0,0,0,0,,0,0,0,0,,0,0,,0,0,,1,0.002,0,0:00:07,5,0
jI-Bu9yfUqw,"""Una pol√≠tica para la mujer"": con Evelyn Matthei y Karina Delfino","Mar 13, 2023",3866,68.25,,1,2,0,1,1,0,0,0,0,0,,0,0,0,0,,0,0,,0,0,,2,1.4658,0,0:43:58,22,9.09
jJC7eAL92Yc,Reacciones Congreso ProFamilia,"Oct 10, 2024",57,,,0,,,,,,,,,,,,,,,,,,,,,,,,,,3,0
jNu0_QQIdtM,"[üéôHoja en Blanco] Josefina Araos y Javiera Parada, y la importancia de ponernos de acuerdo","May 11, 2021",2254,4.5,,32,1,31,1,1,0,0,0,0,0,,0,0,0,0,,0,0,,0,0,,32,0.9018,0,0:01:41,740,0.81
j_KYgW8KDPg,La Br√∫jula - martes 19 de marzo de 2024,"Mar 20, 2024",2503,,,0,,,,,,,,,,,,,,,,,,,,,,,,,,2,0
jv4WcKkTGtE,Postura de IdeaPa√≠s en la discusi√≥n por Sala Cuna Universal,"Jan 22, 2026",809,35.26,,19,1,18,1,1,0,0,0,0,0,,0,0,0,0,,0,0,,0,0,,19,1.5057,0,0:04:45,744,1.21
k8u6n5cdC54,Embarazo Vulnerable Romina - #NoLleguemosTarde #PorElla,"Nov 15, 2014",126,,,0,,,,,,,,,,,,,,,,,,,,,,,,,,3,0
kBL1csrUDPc,Eugenio YanÃÉez en Cursos IdeaPa√≠s,"Sep 29, 2011",40,,,0,,,,,,,,,,,,,,,,,,,,,,,,,,1,0
kBjECAk9Ky0,"Radio Pauta - Emilia Garc√≠a, Directora de Estudios IdeaPa√≠s","Mar 21, 2025",1038,8.19,,18,1,7,11,9,2,0,0,0,1,0,0,1,0,0,,0,0,,0,0,,18,0.4249,0,0:01:24,488,2.46
kJqwLDxMIX4,[üéôHoja en Blanco] Soledad Bertelsen y Catalina Salem y la disputa por el control constitucional,"Apr 19, 2021",1755,6.57,,33,1,33,0,0,0,0,0,0,0,,0,0,0,0,,0,0,,0,0,,33,1.0577,0,0:01:55,658,0.3
kRkIwSIFFDc,Cuba niega contactos con EE.UU.: an√°lisis de Santiago Acosta en T13,"Jan 14, 2026",722,42.28,,332,1.0181,320,12,8,4,3,0,4,0,100,0,0,0,0,,0,0,,0,0,,338,28.6635,3,0:05:05,4790,3.74
kRwOrfQnNiI,IdeaPaiÃÅs en la comisi√≥n de Relaciones Internacionales CaÃÅmara de Diputados - Santiago Acosta,"Jul 4, 2024",2901,,,0,,,,,,,,,,,,,,,,,,,,,,,,,,1,0
khehKNOh11U,"Emilia Garc√≠a en Canal 9 Concepci√≥n, presentando la Iniciativa Popular de Norma ""Derecho al Cuidado""","Jul 5, 2023",844,5.91,,1,1,0,1,1,0,0,0,0,0,,0,0,0,0,,0,0,,0,0,,1,0.0138,0,0:00:49,3,0
kiYXRyDmw28,üöÄ ¬°Revisa lo que fue el lanzamiento del libro ‚ÄúGonzalo Vial: pol√≠tica y crisis social‚Äù!,"Jan 31, 2024",116,,,0,,,,,,,,,,,,,,,,,,,,,,,,,,10,0
kknkg_G_6iQ,"[LA ESCUELA POL√çTICA, SESI√ìN 5: FORMAS ELEMENTALES DE JUSTICIA]","Nov 2, 2022",102,,,0,,,,,,,,,,,,,,,,,,,,,,,,,,11,0
koUfaLpyvTE,¬øCumple el Gobierno lo que promete? | Kevin Canales en El Conquistador,"Jun 3, 2025",1046,1.23,,1,1,1,0,0,0,0,0,0,0,,0,0,0,0,,0,0,,0,0,,1,0.0036,0,0:00:12,15,6.67
kri2vcJlm6A,Juan Pablo Lira analiza la contingencia pol√≠tica en Pa√≠s ADN,"Sep 1, 2025",2168,0.43,,1,1,1,0,0,0,0,0,0,0,,0,0,0,0,,0,0,,0,0,,1,0.0026,0,0:00:09,8,0
lDA-tzj3JJ8,"Podcast Sonido P√∫blico #2: ¬øLa ""queen de las funas""? Javi Rodr√≠guez y la cultura de la cancelaci√≥n","Apr 24, 2025",1841,41.29,,2,2.5,1,1,1,0,0,0,0,0,,0,0,0,0,,0,0,,0,0,,5,1.0557,0,0:12:40,10,10
lFsMbhhepW8,El D√≠a despu√©s: Un an√°lisis post-plebiscito / IdeaPais,"Dec 18, 2023",5677,,,0,,,,,,,,,,,,,,,,,,,,,,,,,,4,0
lQi7SsZlshc,¬øPor qu√© Dios vuelve al centro del debate p√∫blico? | Emilia Garc√≠a en Radio Pauta,"Dec 26, 2025",1140,25.22,,4,1,2,2,1,1,0,0,0,0,,0,0,0,0,,0,0,,0,0,,4,0.3195,0,0:04:47,330,0.91
lTKtFk0wfik,Entrevista a Cristi√°n Loewe en Radio Infinita por la Cuenta P√∫blica,"Jun 14, 2023",687,,,0,,,,,,,,,,,,,,,,,,,,,,,,,,1,0
lW7XV2YRDYI,El Rol de la Derecha en el nuevo ciclo pol√≠tico,"Mar 26, 2021",5180,,,0,,,,,,,,,,,,,,,,,,,,,,,,,,4,0
lfymV3GsRTw,Lanzamiento de la re-edici√≥n del libro Cuestiones obreras,"Dec 2, 2021",3660,0.14,,1,1,1,0,0,0,0,0,0,0,,0,0,0,0,,0,0,,0,0,,1,0.0014,0,0:00:05,11,9.09
ltDwSJVPPZw,Emilia Garc√≠a analiza el voto extranjero y de inmigrantes en Chile | T13 Radio,"Jul 29, 2025",2785,3.71,,2,1,0,2,2,0,0,0,0,0,,0,0,0,0,,0,0,,0,0,,2,0.0574,0,0:01:43,112,0
m7nGv4YGaWI,Adelanto Podcast Sonido P√∫blico #3: Diego Rosales,"May 14, 2025",60,,,0,,,,,,,,,,,,,,,,,,,,,,,,,,35,0
mADxJLYAlzU,Autoridades saludan a IdeaPa√≠s en sus 5 a√±os,"Nov 18, 2015",133,,,0,,,,,,,,,,,,,,,,,,,,,,,,,,1,0
mQ40iR2iQjk,Cristi√°n Stewart en Hablemos a las 12- T13,"Apr 28, 2025",917,,,0,,,,,,,,,,,,,,,,,,,,,,,,,,4,0
m_DSjUxmEjI,TVN: Revista Ra√≠ces se lanza en Rancagua,"Jul 1, 2025",52,,,0,,,,,,,,,,,,,,,,,,,,,,,,,,8,0
mdKb7kBIOJc,An√°lisis pol√≠tico con Emilia Garc√≠a en CNN Chile RadioSi,"Sep 4, 2025",1506,23,,6,1,3,3,2,1,0,0,0,0,,0,0,0,0,,0,0,,0,0,,6,0.5773,0,0:05:46,122,2.46
mhAbpuRD20w,Actualidad nacional e internacional: Cristi√°n Stewart en ADN Radio,"Jun 10, 2025",2621,,,0,,,,,,,,,,,,,,,,,,,,,,,,,,8,0
mjBpRTRXRBY,Jos√© Luis Widow en Cursos IdeaPa√≠s,"Jun 18, 2012",53,,,0,,,,,,,,,,,,,,,,,,,,,,,,,,17,0
mvlW2Zikod8,AdopcioÃÅn en Chile,"Mar 15, 2013",171,4.68,,1,1,1,0,0,0,0,0,0,0,,0,0,0,0,,0,0,,0,0,,1,0.0022,0,0:00:08,48,2.08
nG-MCyxDpmk,Emilia Garc√≠a en ‚ÄúVoces del Poder‚Äù: claves del escenario pol√≠tico actual,"Dec 12, 2025",1481,0.26,,2,1,0,2,2,0,0,0,0,0,,0,0,0,0,,0,0,,0,0,,2,0.0021,0,0:00:03,239,0.42
nK3dyji957E,Foro IP. Mat√≠as Petersen.,"Apr 24, 2019",36,,,0,,,,,,,,,,,,,,,,,,,,,,,,,,3,0
nfG5sL4fkAI,"Presentaci√≥n IPN ""Por un Estado sin pitutos""","Jul 25, 2023",64,40.13,,3,1,3,0,0,0,0,0,0,0,,0,0,0,0,,0,0,,0,0,,3,0.0214,0,0:00:25,0,
nmFy4nOPf08,Elecciones de constituyentes al pizarr√≥n,"Feb 10, 2021",332,,,0,,,,,,,,,,,,,,,,,,,,,,,,,,2,0
nnHEXgRuNbM,Am√©rica Castillo analiza el choque pol√≠tico entre Boric y Kast en T13 Noche,"Jan 14, 2026",624,28.28,,203,1.0936,183,20,19,1,0,0,1,0,100,0,1,0,0,,0,0,,0,0,,222,10.8815,0,0:02:56,11214,1.46
nzyB1mVmn48,Presentaci√≥n libro Patrick Deneen en Chile,"Jun 10, 2019",62,45.35,,1,1,1,0,0,0,0,0,0,0,,0,0,0,0,,0,0,,0,0,,1,0.0078,0,0:00:28,3,33.33
o7XM3Jv5W8E,"Claudio Alvarado en Nuevas Voces, de CNN Chile.","Dec 24, 2012",473,,,0,,,,,,,,,,,,,,,,,,,,,,,,,,2,0
oBZhkWYGhtY,Congreso de L√≠deres Secundarios 2022,"Nov 29, 2022",9616,,,0,,,,,,,,,,,,,,,,,,,,,,,,,,3,0
oGfFmx_5ShM,"La investigadora legislativa de IdeaPa√≠s, Javiera Corval√°n, conversa en @cronicasdewilson1674","May 20, 2025",4634,,,0,,,,,,,,,,,,,,,,,,,,,,,,,,16,0
oN6_iicLE0c,Magdalena Vergara  en CNN Chile,"Jul 5, 2017",103,,,0,,,,,,,,,,,,,,,,,,,,,,,,,,25,0
o_Kpm7cTGB4,Emilia Garc√≠a en ‚ÄúVoces del Poder‚Äù- CNN Chile Radio,"Apr 11, 2025",1597,,,0,,,,,,,,,,,,,,,,,,,,,,,,,,18,0
obH_89tfGeU,Formando l√≠deres j√≥venes: Mat√≠as Riveros presenta ELIJO en Radio Bienvenida,"Nov 20, 2025",1071,,,0,,,,,,,,,,,,,,,,,,,,,,,,,,18,0
okoPQxb3dgE,Am√©rica Castillo - Mesa de An√°lisis T13Noche sobre el voto obligatorio y su conveniencia pol√≠tica,"Sep 4, 2025",629,2.83,,1,1,0,1,0,1,0,0,0,0,,0,0,0,0,,0,0,,0,0,,1,0.0049,0,0:00:17,7,14.29
p2xhatPnaGU,Participaci√≥n CristoÃÅbal Ruiz Tagle en comisi√≥n de familia.,"Jul 8, 2015",512,,,0,,,,,,,,,,,,,,,,,,,,,,,,,,1,0
p3zcmfg8Q1o,IdeaPa√≠s | Diferentes ideas para una nueva constituci√≥n,"Dec 24, 2020",4441,,,0,,,,,,,,,,,,,,,,,,,,,,,,,,1,0
pCzllIe7U-g,"Radio Agricultura - Al PizarroÃÅn Mar√≠a Jes√∫s Wulf, Luis Silva y Javiera Corval√°n","Apr 9, 2025",3110,10.67,,199,1.1206,184,15,15,0,0,0,1,0,100,4,0,0,0,,0,0,,0,0,,223,20.5514,0,0:05:31,463,11.23
pGKXYlksUx8,Curso de Pol√≠tica y Sociedad - Kalynska Carrasco,"May 19, 2011",38,50.11,,1,1,1,0,0,0,0,0,0,0,,0,0,0,0,,0,0,,0,0,,1,0.0053,0,0:00:19,0,
pQOLnxjASz8,Congreso de L√≠deres Secundarios - Valpara√≠so y Vi√±a del Mar,"Nov 8, 2017",47,,,0,,,,,,,,,,,,,,,,,,,,,,,,,,2,0
pUfVk32to5o,Antonio Correa en el Senado,"Nov 29, 2017",568,,,0,,,,,,,,,,,,,,,,,,,,,,,,,,10,0
pVrevou3Iqc,[#Constituci√≥nSolidaria] El Proceso Constituyente,"May 22, 2020",195,50.82,,1,1,1,0,0,0,0,0,0,0,,0,0,0,0,,0,0,,0,0,,1,0.0275,0,0:01:39,4,25
p_AlyUPRq_A,Catalina Salem y su an√°lisis del trabajo de la Convenci√≥n Constitucional (Emol TV),"Sep 10, 2021",1298,,,0,,,,,,,,,,,,,,,,,,,,,,,,,,4,0
pnVveNw7xTY,Ley Antidiscriminaci√≥n - Debate en U.Chile,"Apr 11, 2012",114,,,0,,,,,,,,,,,,,,,,,,,,,,,,,,3,0
psZ--BnJmuI,Emilia Garc√≠a analiza en vivo la primera vuelta presidencial/El L√≠bero,"Nov 17, 2025",1528,50.81,,2,1,0,2,1,1,0,0,0,0,,0,0,0,0,,0,0,,0,0,,2,0.4313,0,0:12:56,76,2.63
px2Z2_rTc60,"Corresponsabilidad y Cuidados, 2do panel Congreso de Pensamiento: Hablemos de la Familia.","Oct 25, 2023",4202,,,0,,,,,,,,,,,,,,,,,,,,,,,,,,1,0
q2GB2UmwAfc,Mat√≠as Domeyko en Radio El Conquistador Los Lagos,"Jul 8, 2024",2730,,,0,,,,,,,,,,,,,,,,,,,,,,,,,,5,0
q7R0jLAfVoQ,[üéôHoja en Blanco] Christopher Martinez y ¬øC√≥mo nos gobernamos?,"Jul 15, 2021",1683,2.8,,92,1.0652,92,0,0,0,0,0,1,0,100,0,0,0,0,,0,0,,0,0,,98,1.285,0,0:00:47,1821,0.49
qMwdQMF1bbo,Javiera Corval√°n en T13 Noche sobre la candidatura de Jeannette Jara  #ideapa√≠s #noticias,"Sep 3, 2025",47,,,0,,,,,,,,,,,,,,,,,,,,,,,,,,100,0
qOPnaJSTjlQ,"Emilia Garc√≠a, Directora de Estudios en IdeaPa√≠s, en CNN Radio Voces del Poder Contingencia pol√≠tica","May 6, 2025",1137,10.5,,33,1.1212,26,7,7,0,0,0,0,0,,0,0,0,0,,0,0,,0,0,,37,1.2274,0,0:01:59,23,0
qeelHYievjs,Pablo Valderrama en CNN Chile,"May 30, 2018",1349,3.91,,1,1,1,0,0,0,0,0,0,0,,0,0,0,0,,0,0,,0,0,,1,0.0146,0,0:00:52,19,0
qmMHNik2E9g,"Contingencia pol√≠tica: listas parlamentarias, el llamado de Boric |Emilia Garc√≠a en CNN Radio","Aug 19, 2025",1640,0.93,,1,1,0,1,1,0,0,0,0,0,,0,0,0,0,,0,0,,0,0,,1,0.0042,0,0:00:15,56,1.79
qrVqsrHP8oo,"Es la estabilidad, est√∫pido. Cristi√°n Stewart en BioBioChile","Nov 18, 2023",61,,,0,,,,,,,,,,,,,,,,,,,,,,,,,,2,0
qyytBi1ZzUU,IdeaPa√≠s en O‚ÄôHiggins,"Aug 2, 2024",129,,,0,,,,,,,,,,,,,,,,,,,,,,,,,,1,0
r0mzeYdxcjg,¬øCambio de sexo en ni√±os? Algunos datos sobre lo que est√° pasando en Chile,"Jan 7, 2025",807,19.01,,85,1.1294,79,6,3,3,0,0,0,1,0,1,0,0,0,,0,0,,0,0,,96,4.0906,0,0:02:33,25,24
r5IaO8Yi_vU,PREGUNTAS Y RESPUESTAS CON: CATALINA SALEM,"May 5, 2020",1131,,,0,,,,,,,,,,,,,,,,,,,,,,,,,,2,0
r7xySa16Ew0,"SINTESIS PODCAST [Cap 2] Educaci√≥n en Chile ""Mitos y Realidades""","Feb 8, 2023",1648,0.61,,1,1,1,0,0,0,0,0,0,0,,0,0,0,0,,0,0,,0,0,,1,0.0028,0,0:00:10,6,0
rAyccYDL7TI,Emilia Garc√≠a en Voces del Poder de @cnnchile Radio sobre contingencia y la situaci√≥n en Venezuela,"Jan 8, 2026",1549,17.49,,187,1.1176,145,42,37,5,2,0,1,0,100,0,0,0,0,,0,0,,0,0,,209,15.7288,2,0:04:30,6581,2.14
rSdITTNpcEo,10 a√±os IdeaPa√≠s,"Sep 24, 2020",154,,,0,,,,,,,,,,,,,,,,,,,,,,,,,,9,0
rfKnXA0rI28,Lanzamiento ll¬∞ edici√≥n Gonzalo Vial Correa: Pol√≠tica y Crisis Social,"Jan 11, 2024",5697,0.63,,1,1,1,0,0,0,0,0,0,0,,0,0,0,0,,0,0,,0,0,,1,0.01,0,0:00:36,7,14.29
rhfkrFdPiQg,Am√©rica Castillo - Mesa de An√°lisis T13Noche sobre el fallo del Tricel y las campa√±as presidenciales,"Sep 24, 2025",564,,,0,,,,,,,,,,,,,,,,,,,,,,,,,,7,0
roW-fPixHh0,Am√©rica Castillo analiza migraci√≥n y debate fiscal en Mesa Central de T13,"Oct 3, 2025",529,,,0,,,,,,,,,,,,,,,,,,,,,,,,,,7,0
rtWfVXPm88Q,Am√©rica Castillo en T13: An√°lisis de la contingencia nacional,"Oct 23, 2025",44,,,0,,,,,,,,,,,,,,,,,,,,,,,,,,46,0
s--WFLayprY,[üéôHoja en Blanco] Diego Schalper y la pregunta por los derechos sociales,"Apr 12, 2021",1845,1.03,,9,1,9,0,0,0,0,0,0,0,,0,0,0,0,,0,0,,0,0,,9,0.0476,0,0:00:19,181,0.55
sF_8P32amQY,Am√©rica Castillo en Mesa de AnaÃÅlisis en @T13_cl Noche sobre las candidaturas presidenciales,"Aug 25, 2025",549,,,0,,,,,,,,,,,,,,,,,,,,,,,,,,8,0
sFoRjRy9IE8,Emilia Garc√≠a en Radio ADN: ¬øQu√© esperar del Papa Le√≥n XIV?,"May 13, 2025",3003,,,0,,,,,,,,,,,,,,,,,,,,,,,,,,87,0
sIuX5AqtlTk,La Br√∫jula - martes 26 de marzo de 2024,"Mar 27, 2024",3042,,,0,,,,,,,,,,,,,,,,,,,,,,,,,,2,0
sIubHbsHsZM,Cuentas Claras #3 | ¬øQu√© implica el d√©ficit fiscal de Chile? Con Cecilia Cifuentes,"Dec 30, 2025",1877,9.29,,12,1,6,6,5,1,0,0,0,0,,0,0,0,0,,0,0,,0,0,,12,0.5812,0,0:02:54,675,0.59
sTKcqv4fhbw,Testimonio Embarazo Vulnerable #NoLleguemosTarde #PorElla,"Nov 4, 2014",121,,,0,,,,,,,,,,,,,,,,,,,,,,,,,,2,0
sXxJxncCkfw,"Magdalena Vergara junto a Ivan Valenzuela,  conversando sobre el desaf√≠o respecto a la seguridad","Aug 19, 2024",730,,,0,,,,,,,,,,,,,,,,,,,,,,,,,,3,0
s_7r14ZCUCw,Eduardo Valenzuela,"Sep 28, 2011",99,,,0,,,,,,,,,,,,,,,,,,,,,,,,,,2,0
sfaX-vhCy9E,¬øQu√© puntos considerar para una correcta descentralizaci√≥n?,"Jan 2, 2020",65,,,0,,,,,,,,,,,,,,,,,,,,,,,,,,1,0
skq5cKOWkL0,IdeaPa√≠s - Chilean leaders training center,"Sep 3, 2012",155,,,0,,,,,,,,,,,,,,,,,,,,,,,,,,1,0
snqkiiWZj48,La pregunta del mill√≥n: ¬øapruebo o rechazo? Streaming en vivo junto a Diego Schalper y Karol Cariola,"Oct 5, 2020",4322,,,0,,,,,,,,,,,,,,,,,,,,,,,,,,8,0
t2OLPkd_6Q8,IdeaPa√≠s expone en la Comisi√≥n de Constituci√≥n sobre la reforma al sistema pol√≠tico,"Jul 3, 2025",1104,6.63,,1,1,0,1,1,0,0,0,0,0,,0,0,0,0,,0,0,,0,0,,1,0.0203,0,0:01:13,6,16.67
t8l9xKLRS4E,Ciclo Constitucional - Reemplazos y reformas constitucionales: ¬øc√≥mo cambian las constituciones?,"Oct 9, 2020",4713,,,0,,,,,,,,,,,,,,,,,,,,,,,,,,2,0
tFlho0OKFCg,Ley Antidiscriminaci√≥n - Debate en UC,"Jun 27, 2012",150,,,0,,,,,,,,,,,,,,,,,,,,,,,,,,2,0
tPYDypN4Yws,Ley Antidiscriminaci√≥n - Debate en Universidad Pedro de Valdivia,"Jun 13, 2012",142,,,0,,,,,,,,,,,,,,,,,,,,,,,,,,2,0
tQ3oMUByhYI,Encuentro Program√°tico Universitario Biob√≠o,"May 20, 2025",69,,,0,,,,,,,,,,,,,,,,,,,,,,,,,,15,0
tdC-jlvYShA,Lanzamiento Revista RaiÃÅces N¬∞7: El lugar de la √©tica en el debate contempor√°neo,"Dec 9, 2024",3266,,,0,,,,,,,,,,,,,,,,,,,,,,,,,,29,0
tghp_WKI7wA,"Diego Schalper, Entrevista ICARE Channel - ENADE 2012","Dec 20, 2012",594,,,0,,,,,,,,,,,,,,,,,,,,,,,,,,4,0
tpkAeDmDtuw,ABC del Comunismo #3 | ¬øQu√© factores conectan a Cuba y Venezuela? Con Sergio Mu√±oz Riveros,"Nov 12, 2025",2039,18.72,,4,1.5,2,2,1,1,0,0,1,0,100,0,0,0,0,,0,0,,0,0,,6,0.6363,0,0:06:21,157,0.64
tz4Osknlls0,Cristi√°n Stewart comenta sobre la contingencia en Emol TV,"Aug 2, 2024",1776,,,0,,,,,,,,,,,,,,,,,,,,,,,,,,1,0
uVemhBofHss,Francisca Figueroa ante el Tribunal Constitucional de Chile,"Mar 27, 2024",32,57.27,,1,1,1,0,0,0,0,0,0,0,,0,0,0,0,,0,0,,0,0,,1,0.0051,0,0:00:18,52,1.92
uyml2JEAp5Q,Joaqu√≠n Garc√≠a Huidobro en Cursos IdeaPa√≠s,"Apr 4, 2012",43,,,0,,,,,,,,,,,,,,,,,,,,,,,,,,30,0
uzvTQbAhJKI,"[üéôHoja en Blanco] Sebasti√°n Soto Velasco y ""La hora de la Re Constituci√≥n""","Apr 8, 2021",2089,1.27,,2,1,1,1,1,0,0,0,0,0,,0,0,0,0,,0,0,,0,0,,2,0.0147,0,0:00:26,15,6.67
v4BnqpFIBTs,Emilia Garc√≠a en CNN Chile Radio,"Mar 27, 2025",1544,,,0,,,,,,,,,,,,,,,,,,,,,,,,,,9,0
v8td9NLOiUw,"Am√©rica Castillo en T13: oficialismo, gabinete y escenarios pol√≠ticos","Jan 16, 2026",676,28.72,,40,1.1,26,14,9,5,0,0,0,0,,0,0,0,0,,0,0,,0,0,,44,2.3729,0,0:03:14,1207,2.4
vBarzM8Qzfw,Ciclo de Feminismo - Gabriela Caviedes,"Apr 27, 2022",5836,21.83,,1,1,1,0,0,0,0,0,0,0,,0,0,0,0,,0,0,,0,0,,1,0.3539,0,0:21:13,13,7.69
vJTVbaS4EA8,Presente y futuro pol√≠tico: la mirada de Cristi√°n Stewart en Radio Pauta,"Jan 14, 2026",1316,34.01,,108,1.0833,92,16,14,2,0,0,0,0,,0,0,0,0,,0,0,,0,0,,117,14.5444,0,0:07:27,4234,1.39
vKGyYXzZL4I,Resumen Primer Semestre 2017,"Jul 21, 2017",89,,,0,,,,,,,,,,,,,,,,,,,,,,,,,,2,0
vPgp6YJ32pg,Campamentos en la Regi√≥n de O‚ÄôHiggins: una realidad urgente,"Jun 23, 2025",61,,,0,,,,,,,,,,,,,,,,,,,,,,,,,,22,0
wEoooXPTr9c,"La Escuela Pol√≠tica - Daniel Mansuy: Frei, Allende, Pinochet, ¬øqu√© tienen en com√∫n?","Aug 14, 2024",4927,13.85,,11,1.7273,5,6,4,2,0,0,0,0,,0,0,0,0,,0,0,,0,0,,19,3.6011,0,0:11:22,134,7.46
wIND1Gd8Tdg,Pablo Valderrama habla del sistema de justicia chileno en Radio Bio Bio,"Nov 23, 2021",4485,,,0,,,,,,,,,,,,,,,,,,,,,,,,,,2,0
wJrhi2CUjS0,Premios Global Shapers 2011,"Mar 3, 2012",63,,,0,,,,,,,,,,,,,,,,,,,,,,,,,,2,0
wM8DcpfVmWk,¬øCrisis en La Moneda?: Emilia Garc√≠a analiza la situaci√≥n en CNN Chile Radio,"Jun 5, 2025",1627,,,0,,,,,,,,,,,,,,,,,,,,,,,,,,9,0
wYTNXRwlfL8,Descentralizaci√≥n para un Estado solidario - Sebasti√°n Boegel,"Sep 15, 2020",102,12.09,,1,1,1,0,0,0,0,0,0,0,,0,0,0,0,,0,0,,0,0,,1,0.0034,0,0:00:12,4,0
w_Z74l4AwZw,"ABC del Comunismo #2 | El sombr√≠o siglo XX y el comunismo en el poder, con Juan Ignacio Brito","Nov 6, 2025",2162,8.46,,22,1.3182,9,13,10,3,0,0,0,0,,0,0,0,0,,0,0,,0,0,,29,1.4732,0,0:03:02,276,1.81
whRBTS2FTng,Pablo Valderrama y sus expectativas frente a las elecciones  (Emol TV),"May 14, 2021",1253,,,0,,,,,,,,,,,,,,,,,,,,,,,,,,2,0
x-AKjf09vGI,Juan Pablo Lira en @radiouniversochile4876 se refiere a la crisis de natalidad en Chile,"Nov 17, 2025",1331,,,0,,,,,,,,,,,,,,,,,,,,,,,,,,14,0
x7Pc6N_9zCk,Seguridad y conflicto entre Toh√° y Jara: Francisca Figueroa analiza en T13 Noche,"Jun 6, 2025",576,,,0,,,,,,,,,,,,,,,,,,,,,,,,,,5,0
xEZJ0_ivVms,29 de julio de 2025,"Jul 29, 2025",25,,,0,,,,,,,,,,,,,,,,,,,,,,,,,,13,0
xPsSF9juY_Q,Vocaci√≥n p√∫blica y liderazgo juvenil con Kevin Canales en Radio Metropolitan,"Nov 4, 2025",989,,,0,,,,,,,,,,,,,,,,,,,,,,,,,,10,0
xYKy0fV2noI,"El director ejecutivo de IdeaPa√≠s, Cristian Stewart, en Radio Pauta sobre contingencia pol√≠tica","Sep 11, 2025",1035,1.47,,1,1,1,0,0,0,0,0,0,0,,0,0,0,0,,0,0,,0,0,,1,0.0042,0,0:00:15,12,0
xbYwj2qpOgs,Cristi√°n Stewart en La Tercera: se√±ales del gabinete y hoja de ruta del nuevo gobierno,"Jan 14, 2026",1675,17.77,,139,1.1079,98,41,38,3,0,0,1,0,100,0,0,0,0,,0,0,,0,0,,154,12.735,0,0:04:57,5062,2.33
xk47Fs9MU-Q,Fact o fake Constitucional 6: Narcotr√°fico,"Nov 25, 2023",84,,,0,,,,,,,,,,,,,,,,,,,,,,,,,,1,0
xxdQaySUnOY,Deficiencias de la Ley de Aborto,"Jul 12, 2017",91,,,0,,,,,,,,,,,,,,,,,,,,,,,,,,1,0
y1zps6UmJjk,"Torneo Interescolar de Debate ""Tide IP""","Sep 3, 2024",119,,,0,,,,,,,,,,,,,,,,,,,,,,,,,,6,0
yDxRlEw4yx8,IdeaPa√≠s en Los Lagos: Mar√≠a Gracia aborda los desaf√≠os y avances regionales,"Jan 14, 2026",900,40.17,,9,1.1111,4,5,2,3,0,0,0,0,,0,0,0,0,,0,0,,0,0,,10,1.0043,0,0:06:01,501,1
yXyp1RzxXiE,Lanzamiento Constituci√≥n Solidaria,"Jun 8, 2021",3970,,,0,,,,,,,,,,,,,,,,,,,,,,,,,,1,0
yq8mUcdATDc,Dar√≠o Contreras de Disco Sopa Chile,"Aug 3, 2016",96,,,0,,,,,,,,,,,,,,,,,,,,,,,,,,1,0
z-x8dDIaS6E,Pablo Valderrama en Seminario Socialcristianismo en Chile,"Jun 5, 2018",1097,84.3,,1,1,0,1,1,0,0,0,0,0,,0,0,0,0,,0,0,,0,0,,1,0.2569,0,0:15:24,7,14.29
z1B9VwWunX8,"Primarias, candidatos y actualidad pol√≠tica: Am√©rica Castillo en Teletrece Noche","Jun 27, 2025",605,,,0,,,,,,,,,,,,,,,,,,,,,,,,,,8,0
zEgJuilifEc,"CASA DE TODOS II:  ""Los desaf√≠os del 5 de septiembre""","Aug 12, 2022",5996,,,0,,,,,,,,,,,,,,,,,,,,,,,,,,3,0
zJPlZEO2E7A,Juan Pablo Lira conversa en Voces del Poder @cnnchile Radio,"Nov 11, 2025",1262,4.27,,1,1,0,1,1,0,0,0,0,0,,0,0,0,0,,0,0,,0,0,,1,0.015,0,0:00:53,13,7.69
znzCwgRnyg0,Eugenio Y√°√±ez en Cursos IdeaPa√≠s,"Jul 11, 2012",30,,,0,,,,,,,,,,,,,,,,,,,,,,,,,,3,0
zs_rgpmE7gg,[üéôHoja en Blanco] Mat√≠as Petersen y la discusi√≥n de los principios constitucionales,"Apr 27, 2021",1420,0.53,,3,1,3,0,0,0,0,0,0,0,,0,0,0,0,,0,0,,0,0,,3,0.0063,0,0:00:07,17,0
zseIfAR0CwQ,"Apoyos, renuncias y acusaciones: Emilia Garc√≠a en CNN Radio analiza la contingencia pol√≠tica","Aug 8, 2025",1401,0.35,,3,1,3,0,0,0,0,0,0,0,,0,0,0,0,,0,0,,0,0,,3,0.0041,0,0:00:04,71,2.82
